Workbook

Sheet bs
B3: 2025 йил май | E3: 2025 йил август
A4: district | B4: Умумий индекс | C4: Жорий ҳолат | D4: Кутилмалар | E4: Умумий индекс | F4: Жорий ҳолат | G4: Кутилмалар
A5: Самарканд вилояти | B5: 119 | C5: 97 | D5: 141 | E5: =+VLOOKUP(A5,'bs (черн)'!A:D,2,0) -> 122 | F5: =+VLOOKUP(A5,'bs (черн)'!A:D,3,0) -> 108 | G5: =+VLOOKUP(A5,'bs (черн)'!A:D,4,0) -> 136 | H5: =+F5-C5 -> 11
A6: Коракалпокистон Республикаси | B6: 116 | C6: 93 | D6: 139 | E6: =+VLOOKUP(A6,'bs (черн)'!A:D,2,0) -> 116 | F6: =+VLOOKUP(A6,'bs (черн)'!A:D,3,0) -> 103 | G6: =+VLOOKUP(A6,'bs (черн)'!A:D,4,0) -> 129 | H6: =+F6-C6 -> 10
A7: Хоразм вилояти | B7: 116 | C7: 95 | D7: 138 | E7: =+VLOOKUP(A7,'bs (черн)'!A:D,2,0) -> 119 | F7: =+VLOOKUP(A7,'bs (черн)'!A:D,3,0) -> 105 | G7: =+VLOOKUP(A7,'bs (черн)'!A:D,4,0) -> 134 | H7: =+F7-C7 -> 10
A8: Бухоро вилояти | B8: 115 | C8: 95 | D8: 134 | E8: =+VLOOKUP(A8,'bs (черн)'!A:D,2,0) -> 121 | F8: =+VLOOKUP(A8,'bs (черн)'!A:D,3,0) -> 105 | G8: =+VLOOKUP(A8,'bs (черн)'!A:D,4,0) -> 138 | H8: =+F8-C8 -> 10
A9: Наманган вилояти | B9: 121 | C9: 98 | D9: 145 | E9: =+VLOOKUP(A9,'bs (черн)'!A:D,2,0) -> 123 | F9: =+VLOOKUP(A9,'bs (черн)'!A:D,3,0) -> 107 | G9: =+VLOOKUP(A9,'bs (черн)'!A:D,4,0) -> 140 | H9: =+F9-C9 -> 9
A10: Навоий вилояти | B10: 119 | C10: 98 | D10: 139 | E10: =+VLOOKUP(A10,'bs (черн)'!A:D,2,0) -> 119 | F10: =+VLOOKUP(A10,'bs (черн)'!A:D,3,0) -> 106 | G10: =+VLOOKUP(A10,'bs (черн)'!A:D,4,0) -> 133 | H10: =+F10-C10 -> 8
A11: Сирдарё вилояти | B11: 115 | C11: 94 | D11: 137 | E11: =+VLOOKUP(A11,'bs (черн)'!A:D,2,0) -> 118 | F11: =+VLOOKUP(A11,'bs (черн)'!A:D,3,0) -> 102 | G11: =+VLOOKUP(A11,'bs (черн)'!A:D,4,0) -> 133 | H11: =+F11-C11 -> 8
A12: Жиззах вилояти | B12: 119 | C12: 97 | D12: 142 | E12: =+VLOOKUP(A12,'bs (черн)'!A:D,2,0) -> 121 | F12: =+VLOOKUP(A12,'bs (черн)'!A:D,3,0) -> 104 | G12: =+VLOOKUP(A12,'bs (черн)'!A:D,4,0) -> 138 | H12: =+F12-C12 -> 7
A13: Фаргона вилояти | B13: 117 | C13: 95 | D13: 139 | E13: =+VLOOKUP(A13,'bs (черн)'!A:D,2,0) -> 117 | F13: =+VLOOKUP(A13,'bs (черн)'!A:D,3,0) -> 102 | G13: =+VLOOKUP(A13,'bs (черн)'!A:D,4,0) -> 132 | H13: =+F13-C13 -> 7
A14: Сурхандарё вилояти | B14: 115 | C14: 95 | D14: 134 | E14: =+VLOOKUP(A14,'bs (черн)'!A:D,2,0) -> 118 | F14: =+VLOOKUP(A14,'bs (черн)'!A:D,3,0) -> 102 | G14: =+VLOOKUP(A14,'bs (черн)'!A:D,4,0) -> 134 | H14: =+F14-C14 -> 7
A15: Тошкент шахри | B15: 114 | C15: 95 | D15: 133 | E15: =+VLOOKUP(A15,'bs (черн)'!A:D,2,0) -> 119 | F15: =+VLOOKUP(A15,'bs (черн)'!A:D,3,0) -> 102 | G15: =+VLOOKUP(A15,'bs (черн)'!A:D,4,0) -> 135 | H15: =+F15-C15 -> 7
A16: Тошкент вилояти | B16: 113 | C16: 95 | D16: 131 | E16: =+VLOOKUP(A16,'bs (черн)'!A:D,2,0) -> 116 | F16: =+VLOOKUP(A16,'bs (черн)'!A:D,3,0) -> 101 | G16: =+VLOOKUP(A16,'bs (черн)'!A:D,4,0) -> 131 | H16: =+F16-C16 -> 6
... A18: Кашкадарё вилояти | B18: 115 | C18: 95 | D18: 136 | E18: =+VLOOKUP(A18,'bs (черн)'!A:D,2,0) -> 114 | F18: =+VLOOKUP(A18,'bs (черн)'!A:D,3,0) -> 96 | G18: =+VLOOKUP(A18,'bs (черн)'!A:D,4,0) -> 131 | H18: =+F18-C18 -> 1
A19: Республика бўйича | B19: 117 | C19: 96 | D19: 138 | E19: =+VLOOKUP(A19,'bs (черн)'!A:D,2,0) -> 119 | F19: =+VLOOKUP(A19,'bs (черн)'!A:D,3,0) -> 103 | G19: =+VLOOKUP(A19,'bs (черн)'!A:D,4,0) -> 134

Sheet bs (черн)
B1: Август
A2: Наманган вилояти | B2: 123 | C2: 107 | D2: 140
A3: Самарканд вилояти | B3: 122 | C3: 108 | D3: 136
A4: Бухоро вилояти | B4: 121 | C4: 105 | D4: 138
A5: Жиззах вилояти | B5: 121 | C5: 104 | D5: 138
A6: Андижон вилояти | B6: 119 | C6: 104 | D6: 134
A7: Навоий вилояти | B7: 119 | C7: 106 | D7: 133
A8: Тошкент шахри | B8: 119 | C8: 102 | D8: 135
A9: Хоразм вилояти | B9: 119 | C9: 105 | D9: 134
A10: Сирдарё вилояти | B10: 118 | C10: 102 | D10: 133
A11: Сурхандарё вилояти | B11: 118 | C11: 102 | D11: 134
A12: Фаргона вилояти | B12: 117 | C12: 102 | D12: 132
A13: Коракалпокистон Республикаси | B13: 116 | C13: 103 | D13: 129
... A16: Республика бўйича | B16: 119 | C16: 103 | D16: 134

Sheet bs district
B3: 2025 йил май | E3: 2025 йил август
A4: district | B4: Умумий индекс | C4: Жорий ҳолат | D4: Кутилмалар | E4: Умумий индекс | F4: Жорий ҳолат | G4: Кутилмалар
A5: Бўзатов | B5: 96 | C5: 58 | D5: 134 | E5: =+VLOOKUP(A5,'bs district (черн)'!A:D,2,0) -> 130 | F5: =+VLOOKUP(A5,'bs district (черн)'!A:D,3,0) -> 105 | G5: =+VLOOKUP(A5,'bs district (черн)'!A:D,4,0) -> 154 | H5: =+F5-C5 -> 47
A6: Қонликўл | B6: 113 | C6: 85 | D6: 141 | E6: =+VLOOKUP(A6,'bs district (черн)'!A:D,2,0) -> 123 | F6: =+VLOOKUP(A6,'bs district (черн)'!A:D,3,0) -> 121 | G6: =+VLOOKUP(A6,'bs district (черн)'!A:D,4,0) -> 124 | H6: =+F6-C6 -> 36
A7: Хонобод ш. | B7: 106 | C7: 81 | D7: 131 | E7: =+VLOOKUP(A7,'bs district (черн)'!A:D,2,0) -> 125 | F7: =+VLOOKUP(A7,'bs district (черн)'!A:D,3,0) -> 116 | G7: =+VLOOKUP(A7,'bs district (черн)'!A:D,4,0) -> 134 | H7: =+F7-C7 -> 35
A8: Бахмал | B8: 114 | C8: 90 | D8: 137 | E8: =+VLOOKUP(A8,'bs district (черн)'!A:D,2,0) -> 132 | F8: =+VLOOKUP(A8,'bs district (черн)'!A:D,3,0) -> 116 | G8: =+VLOOKUP(A8,'bs district (черн)'!A:D,4,0) -> 149 | H8: =+F8-C8 -> 26
A9: Конимех | B9: 119 | C9: 94 | D9: 144 | E9: =+VLOOKUP(A9,'bs district (черн)'!A:D,2,0) -> 128 | F9: =+VLOOKUP(A9,'bs district (черн)'!A:D,3,0) -> 119 | G9: =+VLOOKUP(A9,'bs district (черн)'!A:D,4,0) -> 138 | H9: =+F9-C9 -> 25
A10: Ғиждувон | B10: 114 | C10: 88 | D10: 140 | E10: =+VLOOKUP(A10,'bs district (черн)'!A:D,2,0) -> 128 | F10: =+VLOOKUP(A10,'bs district (черн)'!A:D,3,0) -> 112 | G10: =+VLOOKUP(A10,'bs district (черн)'!A:D,4,0) -> 143 | H10: =+F10-C10 -> 24
A11: Тойлоқ | B11: 115 | C11: 94 | D11: 135 | E11: =+VLOOKUP(A11,'bs district (черн)'!A:D,2,0) -> 125 | F11: =+VLOOKUP(A11,'bs district (черн)'!A:D,3,0) -> 117 | G11: =+VLOOKUP(A11,'bs district (черн)'!A:D,4,0) -> 133 | H11: =+F11-C11 -> 23
A12: Амударё | B12: 108 | C12: 91 | D12: 125 | E12: =+VLOOKUP(A12,'bs district (черн)'!A:D,2,0) -> 120 | F12: =+VLOOKUP(A12,'bs district (черн)'!A:D,3,0) -> 114 | G12: =+VLOOKUP(A12,'bs district (черн)'!A:D,4,0) -> 125 | H12: =+F12-C12 -> 23
A13: Ширин ш. | B13: 105 | C13: 80 | D13: 130 | E13: =+VLOOKUP(A13,'bs district (черн)'!A:D,2,0) -> 112 | F13: =+VLOOKUP(A13,'bs district (черн)'!A:D,3,0) -> 103 | G13: =+VLOOKUP(A13,'bs district (черн)'!A:D,4,0) -> 120 | H13: =+F13-C13 -> 23
A14: Бўстон | B14: 121 | C14: 100 | D14: 143 | E14: =+VLOOKUP(A14,'bs district (черн)'!A:D,2,0) -> 125 | F14: =+VLOOKUP(A14,'bs district (черн)'!A:D,3,0) -> 122 | G14: =+VLOOKUP(A14,'bs district (черн)'!A:D,4,0) -> 127 | H14: =+F14-C14 -> 22
A15: Тупроққальа | B15: 116 | C15: 89 | D15: 143 | E15: =+VLOOKUP(A15,'bs district (черн)'!A:D,2,0) -> 125 | F15: =+VLOOKUP(A15,'bs district (черн)'!A:D,3,0) -> 111 | G15: =+VLOOKUP(A15,'bs district (черн)'!A:D,4,0) -> 139 | H15: =+F15-C15 -> 22
A16: Қўштепа | B16: 112 | C16: 90 | D16: 134 | E16: =+VLOOKUP(A16,'bs district (черн)'!A:D,2,0) -> 120 | F16: =+VLOOKUP(A16,'bs district (черн)'!A:D,3,0) -> 112 | G16: =+VLOOKUP(A16,'bs district (черн)'!A:D,4,0) -> 128 | H16: =+F16-C16 -> 22
... A209: Учтепа | B209: 123 | C209: 104 | D209: 141 | E209: =+VLOOKUP(A209,'bs district (черн)'!A:D,2,0) -> 109 | F209: =+VLOOKUP(A209,'bs district (черн)'!A:D,3,0) -> 81 | G209: =+VLOOKUP(A209,'bs district (черн)'!A:D,4,0) -> 136 | H209: =+F209-C209 -> -23

Sheet bs district (черн)
B1: Август
A2: Томди | B2: 146 | C2: 141 | D2: 152
A3: Янгиер ш. | B3: 133 | C3: 107 | D3: 159
A4: Бахмал | B4: 132 | C4: 116 | D4: 149
A5: Зарафшон ш. | B5: 132 | C5: 119 | D5: 145
A6: Мингбулоқ | B6: 132 | C6: 120 | D6: 144
A7: Сариосиё | B7: 132 | C7: 118 | D7: 147
A8: Термиз | B8: 131 | C8: 110 | D8: 152
A9: Тўрақўрғон | B9: 131 | C9: 121 | D9: 142
A10: Ургут | B10: 131 | C10: 119 | D10: 142
A11: Бўзатов | B11: 130 | C11: 105 | D11: 154
A12: Учқудуқ | B12: 130 | C12: 117 | D12: 143
A13: Бектемир | B13: 129 | C13: 121 | D13: 137
... A206: Мирзачўл | B206: 104 | C206: 87 | D206: 122

Sheet q_2
B3: 2025 йил май | E3: 2025 йил август
A4: district | B4: Пасайди | C4: Ўзгармади | D4: Ошди | E4: Пасайди | F4: Ўзгармади | G4: Ошди
A5: Сирдарё вилояти | B5: 22 | C5: 59 | D5: 19 | E5: =+VLOOKUP(A5,'q_2 (черн)'!A:D,2,0) -> 18 | F5: =+VLOOKUP(A5,'q_2 (черн)'!A:D,3,0) -> 50 | G5: =+VLOOKUP(A5,'q_2 (черн)'!A:D,4,0) -> 31 | H5: =+G5-D5 -> 12
A6: Коракалпокистон Республикаси | B6: 18 | C6: 63 | D6: 18 | E6: =+VLOOKUP(A6,'q_2 (черн)'!A:D,2,0) -> 17 | F6: =+VLOOKUP(A6,'q_2 (черн)'!A:D,3,0) -> 54 | G6: =+VLOOKUP(A6,'q_2 (черн)'!A:D,4,0) -> 29 | H6: =+G6-D6 -> 11
A7: Хоразм вилояти | B7: 19 | C7: 57 | D7: 24 | E7: =+VLOOKUP(A7,'q_2 (черн)'!A:D,2,0) -> 18 | F7: =+VLOOKUP(A7,'q_2 (черн)'!A:D,3,0) -> 50 | G7: =+VLOOKUP(A7,'q_2 (черн)'!A:D,4,0) -> 32 | H7: =+G7-D7 -> 8
A8: Самарканд вилояти | B8: 17 | C8: 59 | D8: 24 | E8: =+VLOOKUP(A8,'q_2 (черн)'!A:D,2,0) -> 17 | F8: =+VLOOKUP(A8,'q_2 (черн)'!A:D,3,0) -> 50 | G8: =+VLOOKUP(A8,'q_2 (черн)'!A:D,4,0) -> 32 | H8: =+G8-D8 -> 8
A9: Наманган вилояти | B9: 19 | C9: 57 | D9: 24 | E9: =+VLOOKUP(A9,'q_2 (черн)'!A:D,2,0) -> 19 | F9: =+VLOOKUP(A9,'q_2 (черн)'!A:D,3,0) -> 48 | G9: =+VLOOKUP(A9,'q_2 (черн)'!A:D,4,0) -> 32 | H9: =+G9-D9 -> 8
A10: Бухоро вилояти | B10: 21 | C10: 59 | D10: 21 | E10: =+VLOOKUP(A10,'q_2 (черн)'!A:D,2,0) -> 19 | F10: =+VLOOKUP(A10,'q_2 (черн)'!A:D,3,0) -> 52 | G10: =+VLOOKUP(A10,'q_2 (черн)'!A:D,4,0) -> 29 | H10: =+G10-D10 -> 8
A11: Сурхандарё вилояти | B11: 20 | C11: 59 | D11: 21 | E11: =+VLOOKUP(A11,'q_2 (черн)'!A:D,2,0) -> 19 | F11: =+VLOOKUP(A11,'q_2 (черн)'!A:D,3,0) -> 52 | G11: =+VLOOKUP(A11,'q_2 (черн)'!A:D,4,0) -> 29 | H11: =+G11-D11 -> 8
A12: Навоий вилояти | B12: 17 | C12: 58 | D12: 24 | E12: =+VLOOKUP(A12,'q_2 (черн)'!A:D,2,0) -> 22 | F12: =+VLOOKUP(A12,'q_2 (черн)'!A:D,3,0) -> 47 | G12: =+VLOOKUP(A12,'q_2 (черн)'!A:D,4,0) -> 31 | H12: =+G12-D12 -> 7
A13: Фаргона вилояти | B13: 20 | C13: 55 | D13: 26 | E13: =+VLOOKUP(A13,'q_2 (черн)'!A:D,2,0) -> 19 | F13: =+VLOOKUP(A13,'q_2 (черн)'!A:D,3,0) -> 50 | G13: =+VLOOKUP(A13,'q_2 (черн)'!A:D,4,0) -> 31 | H13: =+G13-D13 -> 5
A14: Андижон вилояти | B14: 19 | C14: 56 | D14: 25 | E14: =+VLOOKUP(A14,'q_2 (черн)'!A:D,2,0) -> 18 | F14: =+VLOOKUP(A14,'q_2 (черн)'!A:D,3,0) -> 52 | G14: =+VLOOKUP(A14,'q_2 (черн)'!A:D,4,0) -> 30 | H14: =+G14-D14 -> 5
A15: Кашкадарё вилояти | B15: 19 | C15: 62 | D15: 19 | E15: =+VLOOKUP(A15,'q_2 (черн)'!A:D,2,0) -> 19 | F15: =+VLOOKUP(A15,'q_2 (черн)'!A:D,3,0) -> 56 | G15: =+VLOOKUP(A15,'q_2 (черн)'!A:D,4,0) -> 24 | H15: =+G15-D15 -> 5
A16: Жиззах вилояти | B16: 17 | C16: 58 | D16: 24 | E16: =+VLOOKUP(A16,'q_2 (черн)'!A:D,2,0) -> 16 | F16: =+VLOOKUP(A16,'q_2 (черн)'!A:D,3,0) -> 56 | G16: =+VLOOKUP(A16,'q_2 (черн)'!A:D,4,0) -> 28 | H16: =+G16-D16 -> 4
... A18: Тошкент шахри | B18: 21 | C18: 58 | D18: 21 | E18: =+VLOOKUP(A18,'q_2 (черн)'!A:D,2,0) -> 18 | F18: =+VLOOKUP(A18,'q_2 (черн)'!A:D,3,0) -> 59 | G18: =+VLOOKUP(A18,'q_2 (черн)'!A:D,4,0) -> 23 | H18: =+G18-D18 -> 2
A19: Республика бўйича ўртача | B19: 19 | C19: 58 | D19: 23 | E19: =+VLOOKUP(A19,'q_2 (черн)'!A:D,2,0) -> 18 | F19: =+VLOOKUP(A19,'q_2 (черн)'!A:D,3,0) -> 52 | G19: =+VLOOKUP(A19,'q_2 (черн)'!A:D,4,0) -> 29

Sheet q_2 (черн)
B1: Август
A2: Андижон вилояти | B2: 18 | C2: 52 | D2: 30
A3: Бухоро вилояти | B3: 19 | C3: 52 | D3: 29
A4: Жиззах вилояти | B4: 16 | C4: 56 | D4: 28
A5: Кашкадарё вилояти | B5: 19 | C5: 56 | D5: 24
A6: Коракалпокистон Республикаси | B6: 17 | C6: 54 | D6: 29
A7: Навоий вилояти | B7: 22 | C7: 47 | D7: 31
A8: Наманган вилояти | B8: 19 | C8: 48 | D8: 32
A9: Самарканд вилояти | B9: 17 | C9: 50 | D9: 32
A10: Сирдарё вилояти | B10: 18 | C10: 50 | D10: 31
A11: Сурхандарё вилояти | B11: 19 | C11: 52 | D11: 29
A12: Тошкент вилояти | B12: 20 | C12: 55 | D12: 25
A13: Тошкент шахри | B13: 18 | C13: 59 | D13: 23
... A16: Республика бўйича ўртача | B16: 18 | C16: 52 | D16: 29

Sheet q_2 district
B3: 2025 йил май | E3: 2025 йил август
A4: district | B4: Пасайди | C4: Ўзгармади | D4: Ошди | E4: Пасайди | F4: Ўзгармади | G4: Ошди
A5: Бўзатов | B5: 37 | C5: 51 | D5: 12 | E5: =+VLOOKUP(A5,'q_2 district (черн)'!A:D,2,0) -> 0 | F5: =+VLOOKUP(A5,'q_2 district (черн)'!A:D,3,0) -> 42 | G5: =+VLOOKUP(A5,'q_2 district (черн)'!A:D,4,0) -> 58 | H5: =+G5-D5 -> 46
A6: Қонликўл | B6: 26 | C6: 60 | D6: 14 | E6: =+VLOOKUP(A6,'q_2 district (черн)'!A:D,2,0) -> 11 | F6: =+VLOOKUP(A6,'q_2 district (черн)'!A:D,3,0) -> 37 | G6: =+VLOOKUP(A6,'q_2 district (черн)'!A:D,4,0) -> 51 | H6: =+G6-D6 -> 37
A7: Тупроққальа | B7: 22 | C7: 63 | D7: 15 | E7: =+VLOOKUP(A7,'q_2 district (черн)'!A:D,2,0) -> 15 | F7: =+VLOOKUP(A7,'q_2 district (черн)'!A:D,3,0) -> 44 | G7: =+VLOOKUP(A7,'q_2 district (черн)'!A:D,4,0) -> 41 | H7: =+G7-D7 -> 26
A8: Мингбулоқ | B8: 29 | C8: 49 | D8: 21 | E8: =+VLOOKUP(A8,'q_2 district (черн)'!A:D,2,0) -> 12 | F8: =+VLOOKUP(A8,'q_2 district (черн)'!A:D,3,0) -> 42 | G8: =+VLOOKUP(A8,'q_2 district (черн)'!A:D,4,0) -> 46 | H8: =+G8-D8 -> 25
A9: Сирдарё | B9: 29 | C9: 57 | D9: 14 | E9: =+VLOOKUP(A9,'q_2 district (черн)'!A:D,2,0) -> 21 | F9: =+VLOOKUP(A9,'q_2 district (черн)'!A:D,3,0) -> 40 | G9: =+VLOOKUP(A9,'q_2 district (черн)'!A:D,4,0) -> 39 | H9: =+G9-D9 -> 25
A10: Шофиркон | B10: 13 | C10: 73 | D10: 14 | E10: =+VLOOKUP(A10,'q_2 district (черн)'!A:D,2,0) -> 21 | F10: =+VLOOKUP(A10,'q_2 district (черн)'!A:D,3,0) -> 41 | G10: =+VLOOKUP(A10,'q_2 district (черн)'!A:D,4,0) -> 38 | H10: =+G10-D10 -> 24
A11: Урганч | B11: 19 | C11: 59 | D11: 21 | E11: =+VLOOKUP(A11,'q_2 district (черн)'!A:D,2,0) -> 21 | F11: =+VLOOKUP(A11,'q_2 district (черн)'!A:D,3,0) -> 38 | G11: =+VLOOKUP(A11,'q_2 district (черн)'!A:D,4,0) -> 42 | H11: =+G11-D11 -> 21
A12: Навбаҳор | B12: 17 | C12: 62 | D12: 21 | E12: =+VLOOKUP(A12,'q_2 district (черн)'!A:D,2,0) -> 19 | F12: =+VLOOKUP(A12,'q_2 district (черн)'!A:D,3,0) -> 40 | G12: =+VLOOKUP(A12,'q_2 district (черн)'!A:D,4,0) -> 41 | H12: =+G12-D12 -> 20
A13: Чортоқ | B13: 16 | C13: 67 | D13: 18 | E13: =+VLOOKUP(A13,'q_2 district (черн)'!A:D,2,0) -> 13 | F13: =+VLOOKUP(A13,'q_2 district (черн)'!A:D,3,0) -> 50 | G13: =+VLOOKUP(A13,'q_2 district (черн)'!A:D,4,0) -> 38 | H13: =+G13-D13 -> 20
A14: Шуманай | B14: 15 | C14: 76 | D14: 9 | E14: =+VLOOKUP(A14,'q_2 district (черн)'!A:D,2,0) -> 12 | F14: =+VLOOKUP(A14,'q_2 district (черн)'!A:D,3,0) -> 59 | G14: =+VLOOKUP(A14,'q_2 district (черн)'!A:D,4,0) -> 29 | H14: =+G14-D14 -> 20
A15: Қамаши | B15: 20 | C15: 68 | D15: 12 | E15: =+VLOOKUP(A15,'q_2 district (черн)'!A:D,2,0) -> 26 | F15: =+VLOOKUP(A15,'q_2 district (черн)'!A:D,3,0) -> 43 | G15: =+VLOOKUP(A15,'q_2 district (черн)'!A:D,4,0) -> 31 | H15: =+G15-D15 -> 19
A16: Қоракўл | B16: 27 | C16: 53 | D16: 20 | E16: =+VLOOKUP(A16,'q_2 district (черн)'!A:D,2,0) -> 16 | F16: =+VLOOKUP(A16,'q_2 district (черн)'!A:D,3,0) -> 44 | G16: =+VLOOKUP(A16,'q_2 district (черн)'!A:D,4,0) -> 39 | H16: =+G16-D16 -> 19
... A210: Учтепа | B210: 17 | C210: 53 | D210: 31 | E210: =+VLOOKUP(A210,'q_2 district (черн)'!A:D,2,0) -> 27 | F210: =+VLOOKUP(A210,'q_2 district (черн)'!A:D,3,0) -> 62 | G210: =+VLOOKUP(A210,'q_2 district (черн)'!A:D,4,0) -> 11 | H210: =+G210-D210 -> -20

Sheet q_2 district (черн)
B1: Август
A2: Ёзёвон | B2: 13 | C2: 61 | D2: 25
A3: Ўзбекистон | B3: 26 | C3: 46 | D3: 28
A4: Ўртачирчиқ | B4: 11 | C4: 58 | D4: 31
A5: Амударё | B5: 15 | C5: 49 | D5: 36
A6: Ангор | B6: 24 | C6: 47 | D6: 30
A7: Ангрен ш. | B7: 23 | C7: 56 | D7: 21
A8: Андижон | B8: 19 | C8: 52 | D8: 29
A9: Андижон ш. | B9: 22 | C9: 52 | D9: 26
A10: Арнасой | B10: 20 | C10: 47 | D10: 33
A11: Асака | B11: 20 | C11: 56 | D11: 24
A12: Балиқчи | B12: 13 | C12: 53 | D12: 33
A13: Бандихон | B13: 21 | C13: 44 | D13: 35
... A28: Бухоро ш. | B28: 22 | C28: 59 | D28: 19
A29: Бўзатов | C29: 42 | D29: 58
A30: Бўка | B30: 22 | C30: 45 | D30: 33
A31: Бўстон | B31: 5 | C31: 53 | D31: 43
A32: Бўстонлиқ | B32: 18 | C32: 68 | D32: 15
A33: Вобкент | B33: 22 | C33: 43 | D33: 35
A34: Гулистон | B34: 19 | C34: 49 | D34: 33
A35: Гулистон ш. | B35: 17 | C35: 63 | D35: 20
A36: Гурлан | B36: 13 | C36: 55 | D36: 32
A37: Данғара | B37: 23 | C37: 44 | D37: 33
A38: Денов | B38: 21 | C38: 53 | D38: 26
A39: Деҳқонобод | B39: 25 | C39: 51 | D39: 24
A40: Дўстлик | B40: 22 | C40: 47 | D40: 31
A41: Жалақудуқ | B41: 21 | C41: 47 | D41: 31
... A207: Республика бўйича ўртача | B207: 18 | C207: 52 | D207: 29

Sheet q_4
B3: 2025 йил май | E3: 2025 йил август
A4: district | B4: Камайди | C4: Ўзгармади | D4: Кўпайди | E4: Камайди | F4: Ўзгармади | G4: Кўпайди
A5: Хоразм вилояти | B5: 16 | C5: 37 | D5: 22 | E5: =+VLOOKUP(A5,'q_4 (черн)'!A:D,2,0) -> 19 | F5: =+VLOOKUP(A5,'q_4 (черн)'!A:D,3,0) -> 29 | G5: =+VLOOKUP(A5,'q_4 (черн)'!A:D,4,0) -> 30 | H5: =+G5-D5 -> 8
A6: Самарканд вилояти | B6: 14 | C6: 32 | D6: 26 | E6: =+VLOOKUP(A6,'q_4 (черн)'!A:D,2,0) -> 15 | F6: =+VLOOKUP(A6,'q_4 (черн)'!A:D,3,0) -> 29 | G6: =+VLOOKUP(A6,'q_4 (черн)'!A:D,4,0) -> 34 | H6: =+G6-D6 -> 8
A7: Сирдарё вилояти | B7: 14 | C7: 35 | D7: 24 | E7: =+VLOOKUP(A7,'q_4 (черн)'!A:D,2,0) -> 15 | F7: =+VLOOKUP(A7,'q_4 (черн)'!A:D,3,0) -> 26 | G7: =+VLOOKUP(A7,'q_4 (черн)'!A:D,4,0) -> 31 | H7: =+G7-D7 -> 7
A8: Бухоро вилояти | B8: 16 | C8: 35 | D8: 23 | E8: =+VLOOKUP(A8,'q_4 (черн)'!A:D,2,0) -> 16 | F8: =+VLOOKUP(A8,'q_4 (черн)'!A:D,3,0) -> 33 | G8: =+VLOOKUP(A8,'q_4 (черн)'!A:D,4,0) -> 29 | H8: =+G8-D8 -> 6
A9: Тошкент шахри | B9: 13 | C9: 26 | D9: 24 | E9: =+VLOOKUP(A9,'q_4 (черн)'!A:D,2,0) -> 16 | F9: =+VLOOKUP(A9,'q_4 (черн)'!A:D,3,0) -> 23 | G9: =+VLOOKUP(A9,'q_4 (черн)'!A:D,4,0) -> 29 | H9: =+G9-D9 -> 5
A10: Коракалпокистон Республикаси | B10: 16 | C10: 41 | D10: 20 | E10: =+VLOOKUP(A10,'q_4 (черн)'!A:D,2,0) -> 18 | F10: =+VLOOKUP(A10,'q_4 (черн)'!A:D,3,0) -> 34 | G10: =+VLOOKUP(A10,'q_4 (черн)'!A:D,4,0) -> 25 | H10: =+G10-D10 -> 5
A11: Тошкент вилояти | B11: 16 | C11: 31 | D11: 27 | E11: =+VLOOKUP(A11,'q_4 (черн)'!A:D,2,0) -> 14 | F11: =+VLOOKUP(A11,'q_4 (черн)'!A:D,3,0) -> 28 | G11: =+VLOOKUP(A11,'q_4 (черн)'!A:D,4,0) -> 32 | H11: =+G11-D11 -> 5
A12: Фаргона вилояти | B12: 16 | C12: 31 | D12: 26 | E12: =+VLOOKUP(A12,'q_4 (черн)'!A:D,2,0) -> 19 | F12: =+VLOOKUP(A12,'q_4 (черн)'!A:D,3,0) -> 26 | G12: =+VLOOKUP(A12,'q_4 (черн)'!A:D,4,0) -> 30 | H12: =+G12-D12 -> 4
A13: Навоий вилояти | B13: 15 | C13: 34 | D13: 26 | E13: =+VLOOKUP(A13,'q_4 (черн)'!A:D,2,0) -> 16 | F13: =+VLOOKUP(A13,'q_4 (черн)'!A:D,3,0) -> 32 | G13: =+VLOOKUP(A13,'q_4 (черн)'!A:D,4,0) -> 30 | H13: =+G13-D13 -> 4
A14: Наманган вилояти | B14: 15 | C14: 29 | D14: 30 | E14: =+VLOOKUP(A14,'q_4 (черн)'!A:D,2,0) -> 15 | F14: =+VLOOKUP(A14,'q_4 (черн)'!A:D,3,0) -> 32 | G14: =+VLOOKUP(A14,'q_4 (черн)'!A:D,4,0) -> 33 | H14: =+G14-D14 -> 3
A15: Сурхандарё вилояти | B15: 15 | C15: 34 | D15: 23 | E15: =+VLOOKUP(A15,'q_4 (черн)'!A:D,2,0) -> 17 | F15: =+VLOOKUP(A15,'q_4 (черн)'!A:D,3,0) -> 34 | G15: =+VLOOKUP(A15,'q_4 (черн)'!A:D,4,0) -> 26 | H15: =+G15-D15 -> 3
A16: Жиззах вилояти | B16: 13 | C16: 38 | D16: 27 | E16: =+VLOOKUP(A16,'q_4 (черн)'!A:D,2,0) -> 16 | F16: =+VLOOKUP(A16,'q_4 (черн)'!A:D,3,0) -> 34 | G16: =+VLOOKUP(A16,'q_4 (черн)'!A:D,4,0) -> 29 | H16: =+G16-D16 -> 2
... A18: Андижон вилояти | B18: 14 | C18: 27 | D18: 31 | E18: =+VLOOKUP(A18,'q_4 (черн)'!A:D,2,0) -> 18 | F18: =+VLOOKUP(A18,'q_4 (черн)'!A:D,3,0) -> 28 | G18: =+VLOOKUP(A18,'q_4 (черн)'!A:D,4,0) -> 31 | H18: =+G18-D18 -> 0
A19: Республика бўйича ўртача | B19: 15 | C19: 32 | D19: 26 | E19: =+VLOOKUP(A19,'q_4 (черн)'!A:D,2,0) -> 17 | F19: =+VLOOKUP(A19,'q_4 (черн)'!A:D,3,0) -> 30 | G19: =+VLOOKUP(A19,'q_4 (черн)'!A:D,4,0) -> 30

Sheet q_4 (черн)
B1: Август
A2: Андижон вилояти | B2: 18 | C2: 28 | D2: 31
A3: Бухоро вилояти | B3: 16 | C3: 33 | D3: 29
A4: Жиззах вилояти | B4: 16 | C4: 34 | D4: 29
A5: Кашкадарё вилояти | B5: 18 | C5: 35 | D5: 24
A6: Коракалпокистон Республикаси | B6: 18 | C6: 34 | D6: 25
A7: Навоий вилояти | B7: 16 | C7: 32 | D7: 30
A8: Наманган вилояти | B8: 15 | C8: 32 | D8: 33
A9: Самарканд вилояти | B9: 15 | C9: 29 | D9: 34
A10: Сирдарё вилояти | B10: 15 | C10: 26 | D10: 31
A11: Сурхандарё вилояти | B11: 17 | C11: 34 | D11: 26
A12: Тошкент вилояти | B12: 14 | C12: 28 | D12: 32
A13: Тошкент шахри | B13: 16 | C13: 23 | D13: 29
... A16: Республика бўйича ўртача | B16: 17 | C16: 30 | D16: 30

Sheet q_4 district
B3: 2025 йил май | E3: 2025 йил август
A4: district | B4: Камайди | C4: Ўзгармади | D4: Кўпайди | E4: Камайди | F4: Ўзгармади | G4: Кўпайди
A5: Конимех | B5: 15 | C5: 41 | D5: 17 | E5: =+VLOOKUP(A5,'q_4 district (черн)'!A:D,2,0) -> 12 | F5: =+VLOOKUP(A5,'q_4 district (черн)'!A:D,3,0) -> 28 | G5: =+VLOOKUP(A5,'q_4 district (черн)'!A:D,4,0) -> 50 | H5: =+G5-D5 -> 33
A6: Нурафшон ш. | B6: 10 | C6: 33 | D6: 23 | E6: =+VLOOKUP(A6,'q_4 district (черн)'!A:D,2,0) -> 12 | F6: =+VLOOKUP(A6,'q_4 district (черн)'!A:D,3,0) -> 20 | G6: =+VLOOKUP(A6,'q_4 district (черн)'!A:D,4,0) -> 51 | H6: =+G6-D6 -> 28
A7: Сирдарё | B7: 5 | C7: 40 | D7: 19 | E7: =+VLOOKUP(A7,'q_4 district (черн)'!A:D,2,0) -> 14 | F7: =+VLOOKUP(A7,'q_4 district (черн)'!A:D,3,0) -> 25 | G7: =+VLOOKUP(A7,'q_4 district (черн)'!A:D,4,0) -> 43 | H7: =+G7-D7 -> 24
A8: Тупроққальа | B8: 22 | C8: 38 | D8: 16 | E8: =+VLOOKUP(A8,'q_4 district (черн)'!A:D,2,0) -> 10 | F8: =+VLOOKUP(A8,'q_4 district (черн)'!A:D,3,0) -> 41 | G8: =+VLOOKUP(A8,'q_4 district (черн)'!A:D,4,0) -> 38 | H8: =+G8-D8 -> 22
A9: Бахмал | B9: 11 | C9: 51 | D9: 14 | E9: =+VLOOKUP(A9,'q_4 district (черн)'!A:D,2,0) -> 22 | F9: =+VLOOKUP(A9,'q_4 district (черн)'!A:D,3,0) -> 32 | G9: =+VLOOKUP(A9,'q_4 district (черн)'!A:D,4,0) -> 34 | H9: =+G9-D9 -> 20
A10: Бўзатов | B10: 28 | C10: 27 | D10: 4 | E10: =+VLOOKUP(A10,'q_4 district (черн)'!A:D,2,0) -> 24 | F10: =+VLOOKUP(A10,'q_4 district (черн)'!A:D,3,0) -> 49 | G10: =+VLOOKUP(A10,'q_4 district (черн)'!A:D,4,0) -> 24 | H10: =+G10-D10 -> 20
A11: Гулистон | B11: 15 | C11: 37 | D11: 21 | E11: =+VLOOKUP(A11,'q_4 district (черн)'!A:D,2,0) -> 15 | F11: =+VLOOKUP(A11,'q_4 district (черн)'!A:D,3,0) -> 24 | G11: =+VLOOKUP(A11,'q_4 district (черн)'!A:D,4,0) -> 41 | H11: =+G11-D11 -> 20
A12: Тойлоқ | B12: 11 | C12: 47 | D12: 19 | E12: =+VLOOKUP(A12,'q_4 district (черн)'!A:D,2,0) -> 13 | F12: =+VLOOKUP(A12,'q_4 district (черн)'!A:D,3,0) -> 34 | G12: =+VLOOKUP(A12,'q_4 district (черн)'!A:D,4,0) -> 38 | H12: =+G12-D12 -> 19
A13: Янгиариқ | B13: 13 | C13: 45 | D13: 15 | E13: =+VLOOKUP(A13,'q_4 district (черн)'!A:D,2,0) -> 16 | F13: =+VLOOKUP(A13,'q_4 district (черн)'!A:D,3,0) -> 32 | G13: =+VLOOKUP(A13,'q_4 district (черн)'!A:D,4,0) -> 33 | H13: =+G13-D13 -> 18
A14: Янгиер ш. | B14: 16 | C14: 41 | D14: 17 | E14: =+VLOOKUP(A14,'q_4 district (черн)'!A:D,2,0) -> 28 | F14: =+VLOOKUP(A14,'q_4 district (черн)'!A:D,3,0) -> 14 | G14: =+VLOOKUP(A14,'q_4 district (черн)'!A:D,4,0) -> 35 | H14: =+G14-D14 -> 18
A15: Хонобод ш. | B15: 35 | C15: 16 | D15: 26 | E15: =+VLOOKUP(A15,'q_4 district (черн)'!A:D,2,0) -> 18 | F15: =+VLOOKUP(A15,'q_4 district (черн)'!A:D,3,0) -> 33 | G15: =+VLOOKUP(A15,'q_4 district (черн)'!A:D,4,0) -> 43 | H15: =+G15-D15 -> 17
A16: Косонсой | B16: 21 | C16: 31 | D16: 24 | E16: =+VLOOKUP(A16,'q_4 district (черн)'!A:D,2,0) -> 15 | F16: =+VLOOKUP(A16,'q_4 district (черн)'!A:D,3,0) -> 32 | G16: =+VLOOKUP(A16,'q_4 district (черн)'!A:D,4,0) -> 40 | H16: =+G16-D16 -> 16
... A210: Шаҳрисабз | B210: 11 | C210: 32 | D210: 35 | E210: =+VLOOKUP(A210,'q_4 district (черн)'!A:D,2,0) -> 17 | F210: =+VLOOKUP(A210,'q_4 district (черн)'!A:D,3,0) -> 46 | G210: =+VLOOKUP(A210,'q_4 district (черн)'!A:D,4,0) -> 18 | H210: =+G210-D210 -> -17

Sheet q_4 district (черн)
B1: Август
A2: Ёзёвон | B2: 16 | C2: 25 | D2: 33
A3: Ўзбекистон | B3: 22 | C3: 21 | D3: 35
A4: Ўртачирчиқ | B4: 5 | C4: 27 | D4: 39
A5: Амударё | B5: 19 | C5: 31 | D5: 25
A6: Ангор | B6: 18 | C6: 22 | D6: 21
A7: Ангрен ш. | B7: 12 | C7: 26 | D7: 33
A8: Андижон | B8: 13 | C8: 30 | D8: 34
A9: Андижон ш. | B9: 15 | C9: 26 | D9: 30
A10: Арнасой | B10: 17 | C10: 30 | D10: 28
A11: Асака | B11: 25 | C11: 23 | D11: 30
A12: Балиқчи | B12: 21 | C12: 35 | D12: 23
A13: Бандихон | B13: 11 | C13: 44 | D13: 29
... A207: Республика бўйича ўртача | B207: 17 | C207: 30 | D207: 30

Sheet q_6
B3: 2025 йил май | E3: 2025 йил август
A4: district | B4: Йўқ | C4: Билмайман | D4: Ҳа | E4: Йўқ | F4: Билмайман | G4: Ҳа
A5: Самарканд вилояти | B5: 62 | C5: 4 | D5: 34 | E5: =+VLOOKUP(A5,'q_6 (черн)'!A:D,2,0) -> 54 | F5: =+VLOOKUP(A5,'q_6 (черн)'!A:D,3,0) -> 3 | G5: =+VLOOKUP(A5,'q_6 (черн)'!A:D,4,0) -> 43 | H5: =+G5-D5 -> 9
A6: Навоий вилояти | B6: 60 | C6: 4 | D6: 36 | E6: =+VLOOKUP(A6,'q_6 (черн)'!A:D,2,0) -> 51 | F6: =+VLOOKUP(A6,'q_6 (черн)'!A:D,3,0) -> 5 | G6: =+VLOOKUP(A6,'q_6 (черн)'!A:D,4,0) -> 44 | H6: =+G6-D6 -> 8
A7: Хоразм вилояти | B7: 63 | C7: 3 | D7: 34 | E7: =+VLOOKUP(A7,'q_6 (черн)'!A:D,2,0) -> 54 | F7: =+VLOOKUP(A7,'q_6 (черн)'!A:D,3,0) -> 5 | G7: =+VLOOKUP(A7,'q_6 (черн)'!A:D,4,0) -> 41 | H7: =+G7-D7 -> 7
A8: Наманган вилояти | B8: 62 | C8: 2 | D8: 36 | E8: =+VLOOKUP(A8,'q_6 (черн)'!A:D,2,0) -> 53 | F8: =+VLOOKUP(A8,'q_6 (черн)'!A:D,3,0) -> 4 | G8: =+VLOOKUP(A8,'q_6 (черн)'!A:D,4,0) -> 43 | H8: =+G8-D8 -> 7
A9: Бухоро вилояти | B9: 59 | C9: 3 | D9: 38 | E9: =+VLOOKUP(A9,'q_6 (черн)'!A:D,2,0) -> 53 | F9: =+VLOOKUP(A9,'q_6 (черн)'!A:D,3,0) -> 2 | G9: =+VLOOKUP(A9,'q_6 (черн)'!A:D,4,0) -> 45 | H9: =+G9-D9 -> 7
A10: Коракалпокистон Республикаси | B10: 61 | C10: 3 | D10: 36 | E10: =+VLOOKUP(A10,'q_6 (черн)'!A:D,2,0) -> 53 | F10: =+VLOOKUP(A10,'q_6 (черн)'!A:D,3,0) -> 5 | G10: =+VLOOKUP(A10,'q_6 (черн)'!A:D,4,0) -> 43 | H10: =+G10-D10 -> 7
A11: Жиззах вилояти | B11: 63 | C11: 2 | D11: 35 | E11: =+VLOOKUP(A11,'q_6 (черн)'!A:D,2,0) -> 55 | F11: =+VLOOKUP(A11,'q_6 (черн)'!A:D,3,0) -> 3 | G11: =+VLOOKUP(A11,'q_6 (черн)'!A:D,4,0) -> 42 | H11: =+G11-D11 -> 7
A12: Тошкент шахри | B12: 63 | C12: 2 | D12: 35 | E12: =+VLOOKUP(A12,'q_6 (черн)'!A:D,2,0) -> 54 | F12: =+VLOOKUP(A12,'q_6 (черн)'!A:D,3,0) -> 5 | G12: =+VLOOKUP(A12,'q_6 (черн)'!A:D,4,0) -> 41 | H12: =+G12-D12 -> 6
A13: Фаргона вилояти | B13: 63 | C13: 3 | D13: 34 | E13: =+VLOOKUP(A13,'q_6 (черн)'!A:D,2,0) -> 56 | F13: =+VLOOKUP(A13,'q_6 (черн)'!A:D,3,0) -> 3 | G13: =+VLOOKUP(A13,'q_6 (черн)'!A:D,4,0) -> 40 | H13: =+G13-D13 -> 6
A14: Сурхандарё вилояти | B14: 59 | C14: 5 | D14: 36 | E14: =+VLOOKUP(A14,'q_6 (черн)'!A:D,2,0) -> 54 | F14: =+VLOOKUP(A14,'q_6 (черн)'!A:D,3,0) -> 4 | G14: =+VLOOKUP(A14,'q_6 (черн)'!A:D,4,0) -> 42 | H14: =+G14-D14 -> 6
A15: Тошкент вилояти | B15: 63 | C15: 3 | D15: 34 | E15: =+VLOOKUP(A15,'q_6 (черн)'!A:D,2,0) -> 59 | F15: =+VLOOKUP(A15,'q_6 (черн)'!A:D,3,0) -> 4 | G15: =+VLOOKUP(A15,'q_6 (черн)'!A:D,4,0) -> 38 | H15: =+G15-D15 -> 4
A16: Андижон вилояти | B16: 60 | C16: 3 | D16: 37 | E16: =+VLOOKUP(A16,'q_6 (черн)'!A:D,2,0) -> 55 | F16: =+VLOOKUP(A16,'q_6 (черн)'!A:D,3,0) -> 5 | G16: =+VLOOKUP(A16,'q_6 (черн)'!A:D,4,0) -> 40 | H16: =+G16-D16 -> 3
... A18: Кашкадарё вилояти | B18: 60 | C18: 5 | D18: 36 | E18: =+VLOOKUP(A18,'q_6 (черн)'!A:D,2,0) -> 58 | F18: =+VLOOKUP(A18,'q_6 (черн)'!A:D,3,0) -> 5 | G18: =+VLOOKUP(A18,'q_6 (черн)'!A:D,4,0) -> 37 | H18: =+G18-D18 -> 1
A19: Республика бўйича ўртача | B19: 61 | C19: 3 | D19: 35 | E19: =+VLOOKUP(A19,'q_6 (черн)'!A:D,2,0) -> 55 | F19: =+VLOOKUP(A19,'q_6 (черн)'!A:D,3,0) -> 4 | G19: =+VLOOKUP(A19,'q_6 (черн)'!A:D,4,0) -> 41

Sheet q_6 (черн)
B1: Август
A2: district | B2: Йўқ | C2: Билмайман | D2: Ҳа
A3: Андижон вилояти | B3: 55 | C3: 5 | D3: 40
A4: Бухоро вилояти | B4: 53 | C4: 2 | D4: 45
A5: Жиззах вилояти | B5: 55 | C5: 3 | D5: 42
A6: Кашкадарё вилояти | B6: 58 | C6: 5 | D6: 37
A7: Коракалпокистон Республикаси | B7: 53 | C7: 5 | D7: 43
A8: Навоий вилояти | B8: 51 | C8: 5 | D8: 44
A9: Наманган вилояти | B9: 53 | C9: 4 | D9: 43
A10: Самарканд вилояти | B10: 54 | C10: 3 | D10: 43
A11: Сирдарё вилояти | B11: 59 | C11: 4 | D11: 38
A12: Сурхандарё вилояти | B12: 54 | C12: 4 | D12: 42
A13: Тошкент вилояти | B13: 59 | C13: 4 | D13: 38
A14: Тошкент шахри | B14: 54 | C14: 5 | D14: 41
... A17: Республика бўйича ўртача | B17: 55 | C17: 4 | D17: 41

Sheet q_6 district
B3: 2025 йил май | E3: 2025 йил август
A4: district | B4: Йўқ | C4: Билмайман | D4: Ҳа | E4: Йўқ | F4: Билмайман | G4: Ҳа
A5: Амударё | B5: 59 | C5: 5 | D5: 36 | E5: =+VLOOKUP(A5,'q_6 district (черн)'!A:D,2,0) -> 38 | F5: =+VLOOKUP(A5,'q_6 district (черн)'!A:D,3,0) -> 8 | G5: =+VLOOKUP(A5,'q_6 district (черн)'!A:D,4,0) -> 54
A6: Ангор | B6: 54 | C6: 11 | D6: 35 | E6: =+VLOOKUP(A6,'q_6 district (черн)'!A:D,2,0) -> 48 | F6: =+VLOOKUP(A6,'q_6 district (черн)'!A:D,3,0) -> 7 | G6: =+VLOOKUP(A6,'q_6 district (черн)'!A:D,4,0) -> 44
A7: Ангрен ш. | B7: 63 | C7: 7 | D7: 30 | E7: =+VLOOKUP(A7,'q_6 district (черн)'!A:D,2,0) -> 61 | F7: =+VLOOKUP(A7,'q_6 district (черн)'!A:D,3,0) -> 9 | G7: =+VLOOKUP(A7,'q_6 district (черн)'!A:D,4,0) -> 30
A8: Андижон | B8: 59 | C8: 3 | D8: 38 | E8: =+VLOOKUP(A8,'q_6 district (черн)'!A:D,2,0) -> 49 | F8: =+VLOOKUP(A8,'q_6 district (черн)'!A:D,3,0) -> 7 | G8: =+VLOOKUP(A8,'q_6 district (черн)'!A:D,4,0) -> 44
A9: Андижон ш. | B9: 59 | C9: 4 | D9: 37 | E9: =+VLOOKUP(A9,'q_6 district (черн)'!A:D,2,0) -> 57 | F9: =+VLOOKUP(A9,'q_6 district (черн)'!A:D,3,0) -> 5 | G9: =+VLOOKUP(A9,'q_6 district (черн)'!A:D,4,0) -> 38
A10: Арнасой | B10: 64 | C10: 1 | D10: 35 | E10: =+VLOOKUP(A10,'q_6 district (черн)'!A:D,2,0) -> 62 | F10: =+VLOOKUP(A10,'q_6 district (черн)'!A:D,3,0) -> 0 | G10: =+VLOOKUP(A10,'q_6 district (черн)'!A:D,4,0) -> 38
A11: Асака | B11: 60 | C11: 5 | D11: 35 | E11: =+VLOOKUP(A11,'q_6 district (черн)'!A:D,2,0) -> 65 | F11: =+VLOOKUP(A11,'q_6 district (черн)'!A:D,3,0) -> 2 | G11: =+VLOOKUP(A11,'q_6 district (черн)'!A:D,4,0) -> 33
A12: Балиқчи | B12: 58 | C12: 6 | D12: 36 | E12: =+VLOOKUP(A12,'q_6 district (черн)'!A:D,2,0) -> 50 | F12: =+VLOOKUP(A12,'q_6 district (черн)'!A:D,3,0) -> 4 | G12: =+VLOOKUP(A12,'q_6 district (черн)'!A:D,4,0) -> 45
A13: Бандихон | B13: 46 | D13: 54 | E13: =+VLOOKUP(A13,'q_6 district (черн)'!A:D,2,0) -> 47 | F13: =+VLOOKUP(A13,'q_6 district (черн)'!A:D,3,0) -> 1 | G13: =+VLOOKUP(A13,'q_6 district (черн)'!A:D,4,0) -> 52
A14: Бахмал | B14: 69 | D14: 31 | E14: =+VLOOKUP(A14,'q_6 district (черн)'!A:D,2,0) -> 41 | F14: =+VLOOKUP(A14,'q_6 district (черн)'!A:D,3,0) -> 3 | G14: =+VLOOKUP(A14,'q_6 district (черн)'!A:D,4,0) -> 55
A15: Бекобод | B15: 59 | C15: 3 | D15: 38 | E15: =+VLOOKUP(A15,'q_6 district (черн)'!A:D,2,0) -> 60 | F15: =+VLOOKUP(A15,'q_6 district (черн)'!A:D,3,0) -> 2 | G15: =+VLOOKUP(A15,'q_6 district (черн)'!A:D,4,0) -> 37
A16: Бекобод ш. | B16: 68 | C16: 1 | D16: 31 | E16: =+VLOOKUP(A16,'q_6 district (черн)'!A:D,2,0) -> 58 | F16: =+VLOOKUP(A16,'q_6 district (черн)'!A:D,3,0) -> 0 | G16: =+VLOOKUP(A16,'q_6 district (черн)'!A:D,4,0) -> 42
A17: Бектемир | B17: 56 | C17: 3 | D17: 41 | E17: =+VLOOKUP(A17,'q_6 district (черн)'!A:D,2,0) -> 35 | F17: =+VLOOKUP(A17,'q_6 district (черн)'!A:D,3,0) -> 6 | G17: =+VLOOKUP(A17,'q_6 district (черн)'!A:D,4,0) -> 59
A18: Беруний | B18: 63 | C18: 1 | D18: 36 | E18: =+VLOOKUP(A18,'q_6 district (черн)'!A:D,2,0) -> 56 | F18: =+VLOOKUP(A18,'q_6 district (черн)'!A:D,3,0) -> 3 | G18: =+VLOOKUP(A18,'q_6 district (черн)'!A:D,4,0) -> 41
A19: Бешариқ | B19: 69 | C19: 2 | D19: 29 | E19: =+VLOOKUP(A19,'q_6 district (черн)'!A:D,2,0) -> 60 | F19: =+VLOOKUP(A19,'q_6 district (черн)'!A:D,3,0) -> 5 | G19: =+VLOOKUP(A19,'q_6 district (черн)'!A:D,4,0) -> 35
A20: Боғдод | B20: 63 | C20: 3 | D20: 34 | E20: =+VLOOKUP(A20,'q_6 district (черн)'!A:D,2,0) -> 45 | F20: =+VLOOKUP(A20,'q_6 district (черн)'!A:D,3,0) -> 4 | G20: =+VLOOKUP(A20,'q_6 district (черн)'!A:D,4,0) -> 51
A21: Боғот | B21: 60 | C21: 4 | D21: 36 | E21: =+VLOOKUP(A21,'q_6 district (черн)'!A:D,2,0) -> 58 | F21: =+VLOOKUP(A21,'q_6 district (черн)'!A:D,3,0) -> 8 | G21: =+VLOOKUP(A21,'q_6 district (черн)'!A:D,4,0) -> 34
A22: Боёвут | B22: 71 | C22: 1 | D22: 28 | E22: =+VLOOKUP(A22,'q_6 district (черн)'!A:D,2,0) -> 71 | F22: =+VLOOKUP(A22,'q_6 district (черн)'!A:D,3,0) -> 2 | G22: =+VLOOKUP(A22,'q_6 district (черн)'!A:D,4,0) -> 27
A23: Бойсун | B23: 52 | C23: 12 | D23: 36 | E23: =+VLOOKUP(A23,'q_6 district (черн)'!A:D,2,0) -> 66 | F23: =+VLOOKUP(A23,'q_6 district (черн)'!A:D,3,0) -> 6 | G23: =+VLOOKUP(A23,'q_6 district (черн)'!A:D,4,0) -> 28
A24: Бувайда | B24: 66 | C24: 5 | D24: 29 | E24: =+VLOOKUP(A24,'q_6 district (черн)'!A:D,2,0) -> 56 | F24: =+VLOOKUP(A24,'q_6 district (черн)'!A:D,3,0) -> 3 | G24: =+VLOOKUP(A24,'q_6 district (черн)'!A:D,4,0) -> 42
A25: Бўзатов | B25: 88 | D25: 12 | E25: =+VLOOKUP(A25,'q_6 district (черн)'!A:D,2,0) -> 71 | F25: =+VLOOKUP(A25,'q_6 district (черн)'!A:D,3,0) -> 0 | G25: =+VLOOKUP(A25,'q_6 district (черн)'!A:D,4,0) -> 29
A26: Бўка | B26: 73 | C26: 4 | D26: 23 | E26: =+VLOOKUP(A26,'q_6 district (черн)'!A:D,2,0) -> 63 | F26: =+VLOOKUP(A26,'q_6 district (черн)'!A:D,3,0) -> 4 | G26: =+VLOOKUP(A26,'q_6 district (черн)'!A:D,4,0) -> 33
A27: Булоқбоши | B27: 67 | C27: 3 | D27: 30 | E27: =+VLOOKUP(A27,'q_6 district (черн)'!A:D,2,0) -> 47 | F27: =+VLOOKUP(A27,'q_6 district (черн)'!A:D,3,0) -> 6 | G27: =+VLOOKUP(A27,'q_6 district (черн)'!A:D,4,0) -> 47
A28: Булунғур | B28: 64 | C28: 4 | D28: 32 | E28: =+VLOOKUP(A28,'q_6 district (черн)'!A:D,2,0) -> 54 | F28: =+VLOOKUP(A28,'q_6 district (черн)'!A:D,3,0) -> 0 | G28: =+VLOOKUP(A28,'q_6 district (черн)'!A:D,4,0) -> 46
A29: Бўстон | B29: 60 | C29: 2 | D29: 38 | E29: =+VLOOKUP(A29,'q_6 district (черн)'!A:D,2,0) -> 37 | F29: =+VLOOKUP(A29,'q_6 district (черн)'!A:D,3,0) -> 7 | G29: =+VLOOKUP(A29,'q_6 district (черн)'!A:D,4,0) -> 56
A30: Бўстонлиқ | B30: 66 | C30: 5 | D30: 29 | E30: =+VLOOKUP(A30,'q_6 district (черн)'!A:D,2,0) -> 66 | F30: =+VLOOKUP(A30,'q_6 district (черн)'!A:D,3,0) -> 4 | G30: =+VLOOKUP(A30,'q_6 district (черн)'!A:D,4,0) -> 30
A31: Бухоро тумани | B31: 64 | C31: 6 | D31: 30 | E31: =+VLOOKUP(A31,'q_6 district (черн)'!A:D,2,0) -> 61 | F31: =+VLOOKUP(A31,'q_6 district (черн)'!A:D,3,0) -> 3 | G31: =+VLOOKUP(A31,'q_6 district (черн)'!A:D,4,0) -> 36
A32: Бухоро ш. | B32: 57 | C32: 2 | D32: 41 | E32: =+VLOOKUP(A32,'q_6 district (черн)'!A:D,2,0) -> 62 | F32: =+VLOOKUP(A32,'q_6 district (черн)'!A:D,3,0) -> 1 | G32: =+VLOOKUP(A32,'q_6 district (черн)'!A:D,4,0) -> 37
A33: Вобкент | B33: 62 | C33: 4 | D33: 34 | E33: =+VLOOKUP(A33,'q_6 district (черн)'!A:D,2,0) -> 55 | F33: =+VLOOKUP(A33,'q_6 district (черн)'!A:D,3,0) -> 2 | G33: =+VLOOKUP(A33,'q_6 district (черн)'!A:D,4,0) -> 44
A34: Ғаллаорол | B34: 59 | C34: 2 | D34: 39 | E34: =+VLOOKUP(A34,'q_6 district (черн)'!A:D,2,0) -> 61 | F34: =+VLOOKUP(A34,'q_6 district (черн)'!A:D,3,0) -> 1 | G34: =+VLOOKUP(A34,'q_6 district (черн)'!A:D,4,0) -> 38
A35: Ғиждувон | B35: 65 | C35: 3 | D35: 32 | E35: =+VLOOKUP(A35,'q_6 district (черн)'!A:D,2,0) -> 47 | F35: =+VLOOKUP(A35,'q_6 district (черн)'!A:D,3,0) -> 1 | G35: =+VLOOKUP(A35,'q_6 district (черн)'!A:D,4,0) -> 52
A36: Ғузор | B36: 62 | C36: 8 | D36: 30 | E36: =+VLOOKUP(A36,'q_6 district (черн)'!A:D,2,0) -> 69 | F36: =+VLOOKUP(A36,'q_6 district (черн)'!A:D,3,0) -> 1 | G36: =+VLOOKUP(A36,'q_6 district (черн)'!A:D,4,0) -> 30
A37: Гулистон | B37: 63 | C37: 4 | D37: 33 | E37: =+VLOOKUP(A37,'q_6 district (черн)'!A:D,2,0) -> 49 | F37: =+VLOOKUP(A37,'q_6 district (черн)'!A:D,3,0) -> 7 | G37: =+VLOOKUP(A37,'q_6 district (черн)'!A:D,4,0) -> 44
A38: Гулистон ш. | B38: 65 | D38: 35 | E38: =+VLOOKUP(A38,'q_6 district (черн)'!A:D,2,0) -> 60 | F38: =+VLOOKUP(A38,'q_6 district (черн)'!A:D,3,0) -> 3 | G38: =+VLOOKUP(A38,'q_6 district (черн)'!A:D,4,0) -> 37
A39: Гурлан | B39: 55 | C39: 3 | D39: 42 | E39: =+VLOOKUP(A39,'q_6 district (черн)'!A:D,2,0) -> 39 | F39: =+VLOOKUP(A39,'q_6 district (черн)'!A:D,3,0) -> 6 | G39: =+VLOOKUP(A39,'q_6 district (черн)'!A:D,4,0) -> 54
A40: Данғара | B40: 60 | C40: 1 | D40: 39 | E40: =+VLOOKUP(A40,'q_6 district (черн)'!A:D,2,0) -> 59 | F40: =+VLOOKUP(A40,'q_6 district (черн)'!A:D,3,0) -> 3 | G40: =+VLOOKUP(A40,'q_6 district (черн)'!A:D,4,0) -> 37
A41: Денов | B41: 67 | C41: 1 | D41: 32 | E41: =+VLOOKUP(A41,'q_6 district (черн)'!A:D,2,0) -> 54 | F41: =+VLOOKUP(A41,'q_6 district (черн)'!A:D,3,0) -> 4 | G41: =+VLOOKUP(A41,'q_6 district (черн)'!A:D,4,0) -> 41
A42: Деҳқонобод | B42: 63 | C42: 3 | D42: 35 | E42: =+VLOOKUP(A42,'q_6 district (черн)'!A:D,2,0) -> 61 | F42: =+VLOOKUP(A42,'q_6 district (черн)'!A:D,3,0) -> 12 | G42: =+VLOOKUP(A42,'q_6 district (черн)'!A:D,4,0) -> 27
A43: Дўстлик | B43: 82 | C43: 1 | D43: 17 | E43: =+VLOOKUP(A43,'q_6 district (черн)'!A:D,2,0) -> 58 | F43: =+VLOOKUP(A43,'q_6 district (черн)'!A:D,3,0) -> 2 | G43: =+VLOOKUP(A43,'q_6 district (черн)'!A:D,4,0) -> 40
A44: Ёзёвон | B44: 74 | C44: 2 | D44: 24 | E44: =+VLOOKUP(A44,'q_6 district (черн)'!A:D,2,0) -> 57 | F44: =+VLOOKUP(A44,'q_6 district (черн)'!A:D,3,0) -> 4 | G44: =+VLOOKUP(A44,'q_6 district (черн)'!A:D,4,0) -> 40
A45: Жалақудуқ | B45: 57 | C45: 2 | D45: 41 | E45: =+VLOOKUP(A45,'q_6 district (черн)'!A:D,2,0) -> 54 | F45: =+VLOOKUP(A45,'q_6 district (черн)'!A:D,3,0) -> 8 | G45: =+VLOOKUP(A45,'q_6 district (черн)'!A:D,4,0) -> 38
A46: Жарқўрғон | B46: 66 | C46: 2 | D46: 32 | E46: =+VLOOKUP(A46,'q_6 district (черн)'!A:D,2,0) -> 52 | F46: =+VLOOKUP(A46,'q_6 district (черн)'!A:D,3,0) -> 6 | G46: =+VLOOKUP(A46,'q_6 district (черн)'!A:D,4,0) -> 42
A47: Жиззах ш. | B47: 61 | C47: 1 | D47: 38 | E47: =+VLOOKUP(A47,'q_6 district (черн)'!A:D,2,0) -> 59 | F47: =+VLOOKUP(A47,'q_6 district (черн)'!A:D,3,0) -> 3 | G47: =+VLOOKUP(A47,'q_6 district (черн)'!A:D,4,0) -> 37
A48: Жомбой | B48: 74 | C48: 3 | D48: 23 | E48: =+VLOOKUP(A48,'q_6 district (черн)'!A:D,2,0) -> 65 | F48: =+VLOOKUP(A48,'q_6 district (черн)'!A:D,3,0) -> 4 | G48: =+VLOOKUP(A48,'q_6 district (черн)'!A:D,4,0) -> 31
A49: Жондоp | B49: 49 | C49: 8 | D49: 44 | E49: =+VLOOKUP(A49,'q_6 district (черн)'!A:D,2,0) -> 51 | F49: =+VLOOKUP(A49,'q_6 district (черн)'!A:D,3,0) -> 6 | G49: =+VLOOKUP(A49,'q_6 district (черн)'!A:D,4,0) -> 43
A50: Зангиота | B50: 69 | C50: 2 | D50: 29 | E50: =+VLOOKUP(A50,'q_6 district (черн)'!A:D,2,0) -> 56 | F50: =+VLOOKUP(A50,'q_6 district (черн)'!A:D,3,0) -> 2 | G50: =+VLOOKUP(A50,'q_6 district (черн)'!A:D,4,0) -> 42
... A75: Қонликўл | B75: 63 | C75: 4 | D75: 33 | E75: =+VLOOKUP(A75,'q_6 district (черн)'!A:D,2,0) -> 37 | F75: =+VLOOKUP(A75,'q_6 district (черн)'!A:D,3,0) -> 1 | G75: =+VLOOKUP(A75,'q_6 district (черн)'!A:D,4,0) -> 62
A76: Қоракўл | B76: 52 | D76: 48 | E76: =+VLOOKUP(A76,'q_6 district (черн)'!A:D,2,0) -> 47 | F76: =+VLOOKUP(A76,'q_6 district (черн)'!A:D,3,0) -> 1 | G76: =+VLOOKUP(A76,'q_6 district (черн)'!A:D,4,0) -> 52
A77: Қораўзак | B77: 63 | C77: 3 | D77: 34 | E77: =+VLOOKUP(A77,'q_6 district (черн)'!A:D,2,0) -> 62 | F77: =+VLOOKUP(A77,'q_6 district (черн)'!A:D,3,0) -> 4 | G77: =+VLOOKUP(A77,'q_6 district (черн)'!A:D,4,0) -> 34
A78: Қоровулбозор | B78: 54 | C78: 5 | D78: 41 | E78: =+VLOOKUP(A78,'q_6 district (черн)'!A:D,2,0) -> 41 | F78: =+VLOOKUP(A78,'q_6 district (черн)'!A:D,3,0) -> 0 | G78: =+VLOOKUP(A78,'q_6 district (черн)'!A:D,4,0) -> 59
A79: Қува | B79: 63 | C79: 1 | D79: 36 | E79: =+VLOOKUP(A79,'q_6 district (черн)'!A:D,2,0) -> 56 | F79: =+VLOOKUP(A79,'q_6 district (черн)'!A:D,3,0) -> 7 | G79: =+VLOOKUP(A79,'q_6 district (черн)'!A:D,4,0) -> 38
A80: Қувасой ш. | B80: 56 | C80: 8 | D80: 36 | E80: =+VLOOKUP(A80,'q_6 district (черн)'!A:D,2,0) -> 58 | F80: =+VLOOKUP(A80,'q_6 district (черн)'!A:D,3,0) -> 2 | G80: =+VLOOKUP(A80,'q_6 district (черн)'!A:D,4,0) -> 40
A81: Қуйичирчиқ | B81: 72 | D81: 28 | E81: =+VLOOKUP(A81,'q_6 district (черн)'!A:D,2,0) -> 52 | F81: =+VLOOKUP(A81,'q_6 district (черн)'!A:D,3,0) -> 3 | G81: =+VLOOKUP(A81,'q_6 district (черн)'!A:D,4,0) -> 45
A82: Қўқон ш. | B82: 62 | C82: 2 | D82: 36 | E82: =+VLOOKUP(A82,'q_6 district (черн)'!A:D,2,0) -> 67 | F82: =+VLOOKUP(A82,'q_6 district (черн)'!A:D,3,0) -> 3 | G82: =+VLOOKUP(A82,'q_6 district (черн)'!A:D,4,0) -> 30
A83: Қумқўрғон | B83: 62 | C83: 6 | D83: 33 | E83: =+VLOOKUP(A83,'q_6 district (черн)'!A:D,2,0) -> 62 | F83: =+VLOOKUP(A83,'q_6 district (черн)'!A:D,3,0) -> 2 | G83: =+VLOOKUP(A83,'q_6 district (черн)'!A:D,4,0) -> 36
A84: Қўнғирот | B84: 59 | C84: 6 | D84: 36 | E84: =+VLOOKUP(A84,'q_6 district (черн)'!A:D,2,0) -> 52 | F84: =+VLOOKUP(A84,'q_6 district (черн)'!A:D,3,0) -> 10 | G84: =+VLOOKUP(A84,'q_6 district (черн)'!A:D,4,0) -> 38
A85: Қўрғонтепа | B85: 60 | C85: 3 | D85: 37 | E85: =+VLOOKUP(A85,'q_6 district (черн)'!A:D,2,0) -> 56 | F85: =+VLOOKUP(A85,'q_6 district (черн)'!A:D,3,0) -> 6 | G85: =+VLOOKUP(A85,'q_6 district (черн)'!A:D,4,0) -> 38
A86: Қўшкўпир | B86: 55 | C86: 6 | D86: 39 | E86: =+VLOOKUP(A86,'q_6 district (черн)'!A:D,2,0) -> 53 | F86: =+VLOOKUP(A86,'q_6 district (черн)'!A:D,3,0) -> 5 | G86: =+VLOOKUP(A86,'q_6 district (черн)'!A:D,4,0) -> 42
A87: Қўшрабод | B87: 59 | C87: 3 | D87: 38 | E87: =+VLOOKUP(A87,'q_6 district (черн)'!A:D,2,0) -> 55 | F87: =+VLOOKUP(A87,'q_6 district (черн)'!A:D,3,0) -> 2 | G87: =+VLOOKUP(A87,'q_6 district (черн)'!A:D,4,0) -> 43
A88: Қўштепа | B88: 70 | C88: 2 | D88: 28 | E88: =+VLOOKUP(A88,'q_6 district (черн)'!A:D,2,0) -> 50 | F88: =+VLOOKUP(A88,'q_6 district (черн)'!A:D,3,0) -> 2 | G88: =+VLOOKUP(A88,'q_6 district (черн)'!A:D,4,0) -> 48
A89: Марғилон ш. | B89: 68 | C89: 4 | D89: 28 | E89: =+VLOOKUP(A89,'q_6 district (черн)'!A:D,2,0) -> 66 | F89: =+VLOOKUP(A89,'q_6 district (черн)'!A:D,3,0) -> 1 | G89: =+VLOOKUP(A89,'q_6 district (черн)'!A:D,4,0) -> 33
A90: Мархамат | B90: 56 | C90: 5 | D90: 39 | E90: =+VLOOKUP(A90,'q_6 district (черн)'!A:D,2,0) -> 63 | F90: =+VLOOKUP(A90,'q_6 district (черн)'!A:D,3,0) -> 5 | G90: =+VLOOKUP(A90,'q_6 district (черн)'!A:D,4,0) -> 32
A91: Мингбулоқ | B91: 54 | C91: 3 | D91: 43 | E91: =+VLOOKUP(A91,'q_6 district (черн)'!A:D,2,0) -> 47 | F91: =+VLOOKUP(A91,'q_6 district (черн)'!A:D,3,0) -> 6 | G91: =+VLOOKUP(A91,'q_6 district (черн)'!A:D,4,0) -> 47
A92: Мирзаобод | B92: 64 | C92: 3 | D92: 33 | E92: =+VLOOKUP(A92,'q_6 district (черн)'!A:D,2,0) -> 61 | F92: =+VLOOKUP(A92,'q_6 district (черн)'!A:D,3,0) -> 6 | G92: =+VLOOKUP(A92,'q_6 district (черн)'!A:D,4,0) -> 33
A93: Мирзачўл | B93: 60 | C93: 3 | D93: 38 | E93: =+VLOOKUP(A93,'q_6 district (черн)'!A:D,2,0) -> 65 | F93: =+VLOOKUP(A93,'q_6 district (черн)'!A:D,3,0) -> 0 | G93: =+VLOOKUP(A93,'q_6 district (черн)'!A:D,4,0) -> 35
... A116: Олмалиқ ш. | B116: 63 | C116: 9 | D116: 28 | E116: =+VLOOKUP(A116,'q_6 district (черн)'!A:D,2,0) -> 62 | F116: =+VLOOKUP(A116,'q_6 district (черн)'!A:D,3,0) -> 2 | G116: =+VLOOKUP(A116,'q_6 district (черн)'!A:D,4,0) -> 35
A117: Олот | B117: 66 | D117: 34 | E117: =+VLOOKUP(A117,'q_6 district (черн)'!A:D,2,0) -> 55 | F117: =+VLOOKUP(A117,'q_6 district (черн)'!A:D,3,0) -> 4 | G117: =+VLOOKUP(A117,'q_6 district (черн)'!A:D,4,0) -> 41
A118: Олтиариқ | B118: 45 | D118: 55 | E118: =+VLOOKUP(A118,'q_6 district (черн)'!A:D,2,0) -> 46 | F118: =+VLOOKUP(A118,'q_6 district (черн)'!A:D,3,0) -> 1 | G118: =+VLOOKUP(A118,'q_6 district (черн)'!A:D,4,0) -> 52
A119: Олтинкўл | B119: 60 | D119: 40 | E119: =+VLOOKUP(A119,'q_6 district (черн)'!A:D,2,0) -> 55 | F119: =+VLOOKUP(A119,'q_6 district (черн)'!A:D,3,0) -> 1 | G119: =+VLOOKUP(A119,'q_6 district (черн)'!A:D,4,0) -> 44
A120: Олтинсой | B120: 59 | C120: 4 | D120: 37 | E120: =+VLOOKUP(A120,'q_6 district (черн)'!A:D,2,0) -> 52 | F120: =+VLOOKUP(A120,'q_6 district (черн)'!A:D,3,0) -> 4 | G120: =+VLOOKUP(A120,'q_6 district (черн)'!A:D,4,0) -> 44
A121: Оҳангарон | B121: 59 | C121: 4 | D121: 37 | E121: =+VLOOKUP(A121,'q_6 district (черн)'!A:D,2,0) -> 56 | F121: =+VLOOKUP(A121,'q_6 district (черн)'!A:D,3,0) -> 4 | G121: =+VLOOKUP(A121,'q_6 district (черн)'!A:D,4,0) -> 40
A122: Оҳангарон ш. | B122: 64 | D122: 36 | E122: =+VLOOKUP(A122,'q_6 district (черн)'!A:D,2,0) -> 54 | F122: =+VLOOKUP(A122,'q_6 district (черн)'!A:D,3,0) -> 4 | G122: =+VLOOKUP(A122,'q_6 district (черн)'!A:D,4,0) -> 42
A123: Пайариқ | B123: 58 | C123: 5 | D123: 37 | E123: =+VLOOKUP(A123,'q_6 district (черн)'!A:D,2,0) -> 63 | F123: =+VLOOKUP(A123,'q_6 district (черн)'!A:D,3,0) -> 5 | G123: =+VLOOKUP(A123,'q_6 district (черн)'!A:D,4,0) -> 32
A124: Паркент | B124: 64 | C124: 2 | D124: 34 | E124: =+VLOOKUP(A124,'q_6 district (черн)'!A:D,2,0) -> 57 | F124: =+VLOOKUP(A124,'q_6 district (черн)'!A:D,3,0) -> 2 | G124: =+VLOOKUP(A124,'q_6 district (черн)'!A:D,4,0) -> 41
A125: Пастдарғом | B125: 58 | C125: 2 | D125: 41 | E125: =+VLOOKUP(A125,'q_6 district (черн)'!A:D,2,0) -> 57 | F125: =+VLOOKUP(A125,'q_6 district (черн)'!A:D,3,0) -> 2 | G125: =+VLOOKUP(A125,'q_6 district (черн)'!A:D,4,0) -> 40
A126: Пахтакор | B126: 65 | C126: 7 | D126: 29 | E126: =+VLOOKUP(A126,'q_6 district (черн)'!A:D,2,0) -> 53 | F126: =+VLOOKUP(A126,'q_6 district (черн)'!A:D,3,0) -> 13 | G126: =+VLOOKUP(A126,'q_6 district (черн)'!A:D,4,0) -> 34
A127: Пахтаобод | B127: 62 | C127: 1 | D127: 38 | E127: =+VLOOKUP(A127,'q_6 district (черн)'!A:D,2,0) -> 50 | F127: =+VLOOKUP(A127,'q_6 district (черн)'!A:D,3,0) -> 2 | G127: =+VLOOKUP(A127,'q_6 district (черн)'!A:D,4,0) -> 48
A128: Пахтачи | B128: 61 | D128: 39 | E128: =+VLOOKUP(A128,'q_6 district (черн)'!A:D,2,0) -> 49 | F128: =+VLOOKUP(A128,'q_6 district (черн)'!A:D,3,0) -> 3 | G128: =+VLOOKUP(A128,'q_6 district (черн)'!A:D,4,0) -> 48
A129: Пешку | B129: 51 | C129: 5 | D129: 44 | E129: =+VLOOKUP(A129,'q_6 district (черн)'!A:D,2,0) -> 50 | F129: =+VLOOKUP(A129,'q_6 district (черн)'!A:D,3,0) -> 5 | G129: =+VLOOKUP(A129,'q_6 district (черн)'!A:D,4,0) -> 46
A130: Пискент | B130: 56 | C130: 4 | D130: 40 | E130: =+VLOOKUP(A130,'q_6 district (черн)'!A:D,2,0) -> 60 | F130: =+VLOOKUP(A130,'q_6 district (черн)'!A:D,3,0) -> 2 | G130: =+VLOOKUP(A130,'q_6 district (черн)'!A:D,4,0) -> 38
A131: Поп | B131: 61 | C131: 6 | D131: 33 | E131: =+VLOOKUP(A131,'q_6 district (черн)'!A:D,2,0) -> 53 | F131: =+VLOOKUP(A131,'q_6 district (черн)'!A:D,3,0) -> 5 | G131: =+VLOOKUP(A131,'q_6 district (черн)'!A:D,4,0) -> 41
A132: Риштон | B132: 57 | C132: 2 | D132: 42 | E132: =+VLOOKUP(A132,'q_6 district (черн)'!A:D,2,0) -> 45 | F132: =+VLOOKUP(A132,'q_6 district (черн)'!A:D,3,0) -> 7 | G132: =+VLOOKUP(A132,'q_6 district (черн)'!A:D,4,0) -> 48
A133: Ромитан | B133: 59 | C133: 2 | D133: 39 | E133: =+VLOOKUP(A133,'q_6 district (черн)'!A:D,2,0) -> 53 | F133: =+VLOOKUP(A133,'q_6 district (черн)'!A:D,3,0) -> 1 | G133: =+VLOOKUP(A133,'q_6 district (черн)'!A:D,4,0) -> 46
A134: Сайхунобод | B134: 48 | C134: 3 | D134: 49 | E134: =+VLOOKUP(A134,'q_6 district (черн)'!A:D,2,0) -> 37 | F134: =+VLOOKUP(A134,'q_6 district (черн)'!A:D,3,0) -> 4 | G134: =+VLOOKUP(A134,'q_6 district (черн)'!A:D,4,0) -> 59
A135: Самарқанд | B135: 56 | C135: 4 | D135: 40 | E135: =+VLOOKUP(A135,'q_6 district (черн)'!A:D,2,0) -> 50 | F135: =+VLOOKUP(A135,'q_6 district (черн)'!A:D,3,0) -> 1 | G135: =+VLOOKUP(A135,'q_6 district (черн)'!A:D,4,0) -> 48
A136: Самарқанд ш. | B136: 67 | C136: 1 | D136: 32 | E136: =+VLOOKUP(A136,'q_6 district (черн)'!A:D,2,0) -> 58 | F136: =+VLOOKUP(A136,'q_6 district (черн)'!A:D,3,0) -> 3 | G136: =+VLOOKUP(A136,'q_6 district (черн)'!A:D,4,0) -> 39
A137: Сардоба | B137: 64 | C137: 2 | D137: 33 | E137: =+VLOOKUP(A137,'q_6 district (черн)'!A:D,2,0) -> 62 | F137: =+VLOOKUP(A137,'q_6 district (черн)'!A:D,3,0) -> 3 | G137: =+VLOOKUP(A137,'q_6 district (черн)'!A:D,4,0) -> 35
A138: Сариосиё | B138: 58 | C138: 7 | D138: 35 | E138: =+VLOOKUP(A138,'q_6 district (черн)'!A:D,2,0) -> 45 | F138: =+VLOOKUP(A138,'q_6 district (черн)'!A:D,3,0) -> 3 | G138: =+VLOOKUP(A138,'q_6 district (черн)'!A:D,4,0) -> 53
A139: Сергели | B139: 67 | C139: 7 | D139: 26 | E139: =+VLOOKUP(A139,'q_6 district (черн)'!A:D,2,0) -> 53 | F139: =+VLOOKUP(A139,'q_6 district (черн)'!A:D,3,0) -> 5 | G139: =+VLOOKUP(A139,'q_6 district (черн)'!A:D,4,0) -> 42
A140: Сирдарё | B140: 61 | C140: 5 | D140: 35 | E140: =+VLOOKUP(A140,'q_6 district (черн)'!A:D,2,0) -> 65 | F140: =+VLOOKUP(A140,'q_6 district (черн)'!A:D,3,0) -> 2 | G140: =+VLOOKUP(A140,'q_6 district (черн)'!A:D,4,0) -> 32
... A149: Тошлоқ | B149: 64 | C149: 7 | D149: 29 | E149: =+VLOOKUP(A149,'q_6 district (черн)'!A:D,2,0) -> 66 | F149: =+VLOOKUP(A149,'q_6 district (черн)'!A:D,3,0) -> 0 | G149: =+VLOOKUP(A149,'q_6 district (черн)'!A:D,4,0) -> 34
A150: Тупроққальа | B150: 61 | D150: 39 | E150: =+VLOOKUP(A150,'q_6 district (черн)'!A:D,2,0) -> 56 | F150: =+VLOOKUP(A150,'q_6 district (черн)'!A:D,3,0) -> 9 | G150: =+VLOOKUP(A150,'q_6 district (черн)'!A:D,4,0) -> 35
A151: Тўрақўрғон | B151: 56 | C151: 3 | D151: 41 | E151: =+VLOOKUP(A151,'q_6 district (черн)'!A:D,2,0) -> 41 | F151: =+VLOOKUP(A151,'q_6 district (черн)'!A:D,3,0) -> 4 | G151: =+VLOOKUP(A151,'q_6 district (черн)'!A:D,4,0) -> 55
A152: Тўрткўл | B152: 57 | C152: 2 | D152: 41 | E152: =+VLOOKUP(A152,'q_6 district (черн)'!A:D,2,0) -> 53 | F152: =+VLOOKUP(A152,'q_6 district (черн)'!A:D,3,0) -> 3 | G152: =+VLOOKUP(A152,'q_6 district (черн)'!A:D,4,0) -> 44
A153: Ўзбекистон | B153: 71 | C153: 2 | D153: 27 | E153: =+VLOOKUP(A153,'q_6 district (черн)'!A:D,2,0) -> 64 | F153: =+VLOOKUP(A153,'q_6 district (черн)'!A:D,3,0) -> 3 | G153: =+VLOOKUP(A153,'q_6 district (черн)'!A:D,4,0) -> 33
A154: Узун | B154: 58 | C154: 4 | D154: 38 | E154: =+VLOOKUP(A154,'q_6 district (черн)'!A:D,2,0) -> 59 | F154: =+VLOOKUP(A154,'q_6 district (черн)'!A:D,3,0) -> 6 | G154: =+VLOOKUP(A154,'q_6 district (черн)'!A:D,4,0) -> 35
A155: Уйчи | B155: 61 | C155: 1 | D155: 38 | E155: =+VLOOKUP(A155,'q_6 district (черн)'!A:D,2,0) -> 58 | F155: =+VLOOKUP(A155,'q_6 district (черн)'!A:D,3,0) -> 6 | G155: =+VLOOKUP(A155,'q_6 district (черн)'!A:D,4,0) -> 36
A156: Улуғнор | B156: 60 | C156: 1 | D156: 39 | E156: =+VLOOKUP(A156,'q_6 district (черн)'!A:D,2,0) -> 49 | F156: =+VLOOKUP(A156,'q_6 district (черн)'!A:D,3,0) -> 13 | G156: =+VLOOKUP(A156,'q_6 district (черн)'!A:D,4,0) -> 38
...

Sheet q_6 district (черн)
B1: Август
A2: district | B2: Йўқ | C2: Билмайман | D2: Ҳа
A3: Ёзёвон | B3: 57 | C3: 4 | D3: 40
A4: Ўзбекистон | B4: 64 | C4: 3 | D4: 33
A5: Ўртачирчиқ | B5: 56 | C5: 3 | D5: 41
A6: Амударё | B6: 38 | C6: 8 | D6: 54
A7: Ангор | B7: 48 | C7: 7 | D7: 44
A8: Ангрен ш. | B8: 61 | C8: 9 | D8: 30
A9: Андижон | B9: 49 | C9: 7 | D9: 44
A10: Андижон ш. | B10: 57 | C10: 5 | D10: 38
A11: Арнасой | B11: 62 | D11: 38
A12: Асака | B12: 65 | C12: 2 | D12: 33
A13: Балиқчи | B13: 50 | C13: 4 | D13: 45
A14: Бандихон | B14: 47 | C14: 1 | D14: 52
A15: Бахмал | B15: 41 | C15: 3 | D15: 55
A16: Бекобод | B16: 60 | C16: 2 | D16: 37
A17: Бекобод ш. | B17: 58 | D17: 42
A18: Бектемир | B18: 35 | C18: 6 | D18: 59
A19: Беруний | B19: 56 | C19: 3 | D19: 41
A20: Бешариқ | B20: 60 | C20: 5 | D20: 35
A21: Бойсун | B21: 66 | C21: 6 | D21: 28
A22: Боёвут | B22: 71 | C22: 2 | D22: 27
A23: Боғдод | B23: 45 | C23: 4 | D23: 51
A24: Боғот | B24: 58 | C24: 8 | D24: 34
A25: Бувайда | B25: 56 | C25: 3 | D25: 42
A26: Булоқбоши | B26: 47 | C26: 6 | D26: 47
A27: Булунғур | B27: 54 | D27: 46
A28: Бухоро тумани | B28: 61 | C28: 3 | D28: 36
A29: Бухоро ш. | B29: 62 | C29: 1 | D29: 37
A30: Бўзатов | B30: 71 | D30: 29
A31: Бўка | B31: 63 | C31: 4 | D31: 33
A32: Бўстон | B32: 37 | C32: 7 | D32: 56
A33: Бўстонлиқ | B33: 66 | C33: 4 | D33: 30
A34: Вобкент | B34: 55 | C34: 2 | D34: 44
A35: Гулистон | B35: 49 | C35: 7 | D35: 44
A36: Гулистон ш. | B36: 60 | C36: 3 | D36: 37
A37: Гурлан | B37: 39 | C37: 6 | D37: 54
A38: Данғара | B38: 59 | C38: 3 | D38: 37
A39: Денов | B39: 54 | C39: 4 | D39: 41
A40: Деҳқонобод | B40: 61 | C40: 12 | D40: 27
A41: Дўстлик | B41: 58 | C41: 2 | D41: 40
A42: Жалақудуқ | B42: 54 | C42: 8 | D42: 38
... A56: Каттақўрғон | B56: 56 | C56: 5 | D56: 39
A57: Каттақўрғон ш. | B57: 60 | D57: 40
A58: Кегейли | B58: 52 | C58: 1 | D58: 47
A59: Китоб | B59: 56 | C59: 4 | D59: 41
A60: Когон | B60: 43 | C60: 3 | D60: 55
A61: Когон ш. | B61: 50 | C61: 3 | D61: 47
A62: Конимех | B62: 42 | C62: 11 | D62: 47
A63: Косон | B63: 65 | C63: 5 | D63: 30
A64: Косонсой | B64: 55 | C64: 1 | D64: 44
A65: Кўкдала | B65: 55 | C65: 9 | D65: 36
A66: Мархамат | B66: 63 | C66: 5 | D66: 32
A67: Марғилон ш. | B67: 66 | C67: 1 | D67: 33
A68: Мингбулоқ | B68: 47 | C68: 6 | D68: 47
A69: Мирзаобод | B69: 61 | C69: 6 | D69: 33
A70: Мирзачўл | B70: 65 | D70: 35
A71: Мирзо Улуғбек | B71: 34 | C71: 4 | D71: 62
A72: Миришкор | B72: 46 | C72: 5 | D72: 50
A73: Миробод | B73: 68 | D73: 32
A74: Муборак | B74: 69 | C74: 2 | D74: 30
A75: Музробод | B75: 52 | C75: 4 | D75: 44
A76: Мўйноқ | B76: 51 | C76: 2 | D76: 47
A77: Навбаҳор | B77: 48 | C77: 3 | D77: 49
A78: Навоий ш. | B78: 47 | C78: 7 | D78: 47
A79: Наманган | B79: 57 | C79: 4 | D79: 39
A80: Наманган ш. | B80: 56 | C80: 5 | D80: 40
A81: Нарпай | B81: 55 | C81: 4 | D81: 41
A82: Нишон | B82: 61 | C82: 2 | D82: 37
A83: Норин | B83: 47 | C83: 5 | D83: 49
A84: Нукус | B84: 55 | C84: 2 | D84: 42
A85: Нукус ш. | B85: 55 | C85: 8 | D85: 37
... A95: Оқдарё | B95: 46 | C95: 6 | D95: 48
A96: Оқолтин | B96: 58 | D96: 42
A97: Оққўрғон | B97: 56 | C97: 4 | D97: 40
A98: Оҳангарон | B98: 56 | C98: 4 | D98: 40
A99: Оҳангарон ш. | B99: 54 | C99: 4 | D99: 42
A100: Пайариқ | B100: 63 | C100: 5 | D100: 32
A101: Паркент | B101: 57 | C101: 2 | D101: 41
A102: Пастдарғом | B102: 57 | C102: 2 | D102: 40
A103: Пахтакор | B103: 53 | C103: 13 | D103: 34
A104: Пахтаобод | B104: 50 | C104: 2 | D104: 48
A105: Пахтачи | B105: 49 | C105: 3 | D105: 48
A106: Пешку | B106: 50 | C106: 5 | D106: 46
A107: Пискент | B107: 60 | C107: 2 | D107: 38
A108: Поп | B108: 53 | C108: 5 | D108: 41
... A117: Сирдарё | B117: 65 | C117: 2 | D117: 32
A118: Сўх | B118: 64 | D118: 36
A119: Тахиатош | B119: 64 | C119: 3 | D119: 33
A120: Тахтакўпир | B120: 58 | D120: 42
A121: Термиз | B121: 46 | C121: 6 | D121: 48
A122: Термиз ш. | B122: 58 | C122: 4 | D122: 38
A123: Тойлоқ | B123: 48 | C123: 3 | D123: 49
A124: Томди | B124: 34 | C124: 7 | D124: 60
A125: Тошкент | B125: 68 | C125: 1 | D125: 31
A126: Тошлоқ | B126: 66 | D126: 34
A127: Тупроққальа | B127: 56 | C127: 9 | D127: 35
A128: Тўрақўрғон | B128: 41 | C128: 4 | D128: 55
A129: Тўрткўл | B129: 53 | C129: 3 | D129: 44
A130: Узун | B130: 59 | C130: 6 | D130: 35
...

Sheet q_1
B3: 2025 йил май | E3: 2025 йил август
A4: district | B4: Ёмонлашади | C4: Ўзгармайди | D4: Яхшиланади | E4: Ёмонлашади | F4: Ўзгармайди | G4: Яхшиланади
A5: Кашкадарё вилояти | B5: 8 | C5: 16 | D5: 50 | E5: =+VLOOKUP(A5,'q_1 (черн)'!A:D,2,0) -> 8 | F5: =+VLOOKUP(A5,'q_1 (черн)'!A:D,3,0) -> 20 | G5: =+VLOOKUP(A5,'q_1 (черн)'!A:D,4,0) -> 48
A6: Тошкент шахри | B6: 12 | C6: 23 | D6: 45 | E6: =+VLOOKUP(A6,'q_1 (черн)'!A:D,2,0) -> 9 | F6: =+VLOOKUP(A6,'q_1 (черн)'!A:D,3,0) -> 22 | G6: =+VLOOKUP(A6,'q_1 (черн)'!A:D,4,0) -> 48
A7: Андижон вилояти | B7: 6 | C7: 16 | D7: 54 | E7: =+VLOOKUP(A7,'q_1 (черн)'!A:D,2,0) -> 9 | F7: =+VLOOKUP(A7,'q_1 (черн)'!A:D,3,0) -> 16 | G7: =+VLOOKUP(A7,'q_1 (черн)'!A:D,4,0) -> 54
A8: Хоразм вилояти | B8: 10 | C8: 17 | D8: 53 | E8: =+VLOOKUP(A8,'q_1 (черн)'!A:D,2,0) -> 10 | F8: =+VLOOKUP(A8,'q_1 (черн)'!A:D,3,0) -> 23 | G8: =+VLOOKUP(A8,'q_1 (черн)'!A:D,4,0) -> 52
A9: Самарканд вилояти | B9: 7 | C9: 18 | D9: 55 | E9: =+VLOOKUP(A9,'q_1 (черн)'!A:D,2,0) -> 6 | F9: =+VLOOKUP(A9,'q_1 (черн)'!A:D,3,0) -> 17 | G9: =+VLOOKUP(A9,'q_1 (черн)'!A:D,4,0) -> 56
A10: Наманган вилояти | B10: 8 | C10: 14 | D10: 60 | E10: =+VLOOKUP(A10,'q_1 (черн)'!A:D,2,0) -> 8 | F10: =+VLOOKUP(A10,'q_1 (черн)'!A:D,3,0) -> 16 | G10: =+VLOOKUP(A10,'q_1 (черн)'!A:D,4,0) -> 62
A11: Фаргона вилояти | B11: 8 | C11: 15 | D11: 54 | E11: =+VLOOKUP(A11,'q_1 (черн)'!A:D,2,0) -> 9 | F11: =+VLOOKUP(A11,'q_1 (черн)'!A:D,3,0) -> 18 | G11: =+VLOOKUP(A11,'q_1 (черн)'!A:D,4,0) -> 53
A12: Бухоро вилояти | B12: 10 | C12: 18 | D12: 51 | E12: =+VLOOKUP(A12,'q_1 (черн)'!A:D,2,0) -> 8 | F12: =+VLOOKUP(A12,'q_1 (черн)'!A:D,3,0) -> 19 | G12: =+VLOOKUP(A12,'q_1 (черн)'!A:D,4,0) -> 55
A13: Коракалпокистон Республикаси | B13: 7 | C13: 18 | D13: 55 | E13: =+VLOOKUP(A13,'q_1 (черн)'!A:D,2,0) -> 6 | F13: =+VLOOKUP(A13,'q_1 (черн)'!A:D,3,0) -> 20 | G13: =+VLOOKUP(A13,'q_1 (черн)'!A:D,4,0) -> 52
A14: Тошкент вилояти | B14: 11 | C14: 17 | D14: 47 | E14: =+VLOOKUP(A14,'q_1 (черн)'!A:D,2,0) -> 10 | F14: =+VLOOKUP(A14,'q_1 (черн)'!A:D,3,0) -> 19 | G14: =+VLOOKUP(A14,'q_1 (черн)'!A:D,4,0) -> 49
A15: Жиззах вилояти | B15: 7 | C15: 17 | D15: 58 | E15: =+VLOOKUP(A15,'q_1 (черн)'!A:D,2,0) -> 6 | F15: =+VLOOKUP(A15,'q_1 (черн)'!A:D,3,0) -> 19 | G15: =+VLOOKUP(A15,'q_1 (черн)'!A:D,4,0) -> 58
A16: Сирдарё вилояти | B16: 7 | C16: 18 | D16: 52 | E16: =+VLOOKUP(A16,'q_1 (черн)'!A:D,2,0) -> 7 | F16: =+VLOOKUP(A16,'q_1 (черн)'!A:D,3,0) -> 15 | G16: =+VLOOKUP(A16,'q_1 (черн)'!A:D,4,0) -> 57
... A19: Республика бўйича ўртача | B19: 8 | C19: 17 | D19: 53 | E19: =+VLOOKUP(A19,'q_1 (черн)'!A:D,2,0) -> 8 | F19: =+VLOOKUP(A19,'q_1 (черн)'!A:D,3,0) -> 18 | G19: =+VLOOKUP(A19,'q_1 (черн)'!A:D,4,0) -> 53

Sheet q_1 (черн)
B1: Август
A2: district | B2: Ёмонлашади | C2: Ўзгармайди | D2: Яхшиланади
A3: Андижон вилояти | B3: 9 | C3: 16 | D3: 54
A4: Бухоро вилояти | B4: 8 | C4: 19 | D4: 55
A5: Жиззах вилояти | B5: 6 | C5: 19 | D5: 58
A6: Кашкадарё вилояти | B6: 8 | C6: 20 | D6: 48
A7: Коракалпокистон Республикаси | B7: 6 | C7: 20 | D7: 52
A8: Навоий вилояти | B8: 7 | C8: 23 | D8: 50
A9: Наманган вилояти | B9: 8 | C9: 16 | D9: 62
A10: Самарканд вилояти | B10: 6 | C10: 17 | D10: 56
A11: Сирдарё вилояти | B11: 7 | C11: 15 | D11: 57
A12: Сурхандарё вилояти | B12: 11 | C12: 14 | D12: 53
A13: Тошкент вилояти | B13: 10 | C13: 19 | D13: 49
A14: Тошкент шахри | B14: 9 | C14: 22 | D14: 48
... A17: Республика бўйича ўртача | B17: 8 | C17: 18 | D17: 53

Sheet q_1 district
B3: 2025 йил май | E3: 2025 йил август
A4: district | B4: Ёмонлашади | C4: Ўзгармайди | D4: Яхшиланади | E4: Ёмонлашади | F4: Ўзгармайди | G4: Яхшиланади
A5: Амударё | B5: 10 | C5: 16 | D5: 46 | E5: =+VLOOKUP(A5,'q_1 district (черн)'!A:D,2,0) -> 4 | F5: =+VLOOKUP(A5,'q_1 district (черн)'!A:D,3,0) -> 18 | G5: =+VLOOKUP(A5,'q_1 district (черн)'!A:D,4,0) -> 52
A6: Ангор | B6: 3 | C6: 16 | D6: 61 | E6: =+VLOOKUP(A6,'q_1 district (черн)'!A:D,2,0) -> 9 | F6: =+VLOOKUP(A6,'q_1 district (черн)'!A:D,3,0) -> 14 | G6: =+VLOOKUP(A6,'q_1 district (черн)'!A:D,4,0) -> 56
A7: Ангрен ш. | B7: 8 | C7: 23 | D7: 45 | E7: =+VLOOKUP(A7,'q_1 district (черн)'!A:D,2,0) -> 8 | F7: =+VLOOKUP(A7,'q_1 district (черн)'!A:D,3,0) -> 28 | G7: =+VLOOKUP(A7,'q_1 district (черн)'!A:D,4,0) -> 48
A8: Андижон | B8: 4 | C8: 17 | D8: 63 | E8: =+VLOOKUP(A8,'q_1 district (черн)'!A:D,2,0) -> 6 | F8: =+VLOOKUP(A8,'q_1 district (черн)'!A:D,3,0) -> 17 | G8: =+VLOOKUP(A8,'q_1 district (черн)'!A:D,4,0) -> 51
A9: Андижон ш. | B9: 8 | C9: 19 | D9: 44 | E9: =+VLOOKUP(A9,'q_1 district (черн)'!A:D,2,0) -> 10 | F9: =+VLOOKUP(A9,'q_1 district (черн)'!A:D,3,0) -> 12 | G9: =+VLOOKUP(A9,'q_1 district (черн)'!A:D,4,0) -> 53
A10: Арнасой | B10: 5 | C10: 9 | D10: 62 | E10: =+VLOOKUP(A10,'q_1 district (черн)'!A:D,2,0) -> 10 | F10: =+VLOOKUP(A10,'q_1 district (черн)'!A:D,3,0) -> 20 | G10: =+VLOOKUP(A10,'q_1 district (черн)'!A:D,4,0) -> 57
A11: Асака | B11: 7 | C11: 15 | D11: 49 | E11: =+VLOOKUP(A11,'q_1 district (черн)'!A:D,2,0) -> 8 | F11: =+VLOOKUP(A11,'q_1 district (черн)'!A:D,3,0) -> 19 | G11: =+VLOOKUP(A11,'q_1 district (черн)'!A:D,4,0) -> 50
A12: Балиқчи | B12: 4 | C12: 19 | D12: 50 | E12: =+VLOOKUP(A12,'q_1 district (черн)'!A:D,2,0) -> 6 | F12: =+VLOOKUP(A12,'q_1 district (черн)'!A:D,3,0) -> 16 | G12: =+VLOOKUP(A12,'q_1 district (черн)'!A:D,4,0) -> 61
A13: Бандихон | B13: 7 | C13: 13 | D13: 55 | E13: =+VLOOKUP(A13,'q_1 district (черн)'!A:D,2,0) -> 11 | F13: =+VLOOKUP(A13,'q_1 district (черн)'!A:D,3,0) -> 13 | G13: =+VLOOKUP(A13,'q_1 district (черн)'!A:D,4,0) -> 56
A14: Бахмал | B14: 9 | C14: 14 | D14: 57 | E14: =+VLOOKUP(A14,'q_1 district (черн)'!A:D,2,0) -> 4 | F14: =+VLOOKUP(A14,'q_1 district (черн)'!A:D,3,0) -> 14 | G14: =+VLOOKUP(A14,'q_1 district (черн)'!A:D,4,0) -> 65
A15: Бекобод | B15: 12 | C15: 16 | D15: 60 | E15: =+VLOOKUP(A15,'q_1 district (черн)'!A:D,2,0) -> 9 | F15: =+VLOOKUP(A15,'q_1 district (черн)'!A:D,3,0) -> 19 | G15: =+VLOOKUP(A15,'q_1 district (черн)'!A:D,4,0) -> 55
A16: Бекобод ш. | B16: 14 | C16: 17 | D16: 40 | E16: =+VLOOKUP(A16,'q_1 district (черн)'!A:D,2,0) -> 3 | F16: =+VLOOKUP(A16,'q_1 district (черн)'!A:D,3,0) -> 17 | G16: =+VLOOKUP(A16,'q_1 district (черн)'!A:D,4,0) -> 58
... A98: Музробод | B98: 6 | C98: 10 | D98: 56 | E98: =+VLOOKUP(A98,'q_1 district (черн)'!A:D,2,0) -> 14 | F98: =+VLOOKUP(A98,'q_1 district (черн)'!A:D,3,0) -> 15 | G98: =+VLOOKUP(A98,'q_1 district (черн)'!A:D,4,0) -> 52
A99: Мўйноқ | C99: 26 | D99: 61 | E99: =+VLOOKUP(A99,'q_1 district (черн)'!A:D,2,0) -> 1 | F99: =+VLOOKUP(A99,'q_1 district (черн)'!A:D,3,0) -> 35 | G99: =+VLOOKUP(A99,'q_1 district (черн)'!A:D,4,0) -> 54
A100: Навбаҳор | B100: 2 | C100: 16 | D100: 59 | E100: =+VLOOKUP(A100,'q_1 district (черн)'!A:D,2,0) -> 7 | F100: =+VLOOKUP(A100,'q_1 district (черн)'!A:D,3,0) -> 21 | G100: =+VLOOKUP(A100,'q_1 district (черн)'!A:D,4,0) -> 50
A101: Навоий ш. | B101: 12 | C101: 20 | D101: 48 | E101: =+VLOOKUP(A101,'q_1 district (черн)'!A:D,2,0) -> 9 | F101: =+VLOOKUP(A101,'q_1 district (черн)'!A:D,3,0) -> 24 | G101: =+VLOOKUP(A101,'q_1 district (черн)'!A:D,4,0) -> 39
A102: Наманган | B102: 5 | C102: 10 | D102: 59 | E102: =+VLOOKUP(A102,'q_1 district (черн)'!A:D,2,0) -> 5 | F102: =+VLOOKUP(A102,'q_1 district (черн)'!A:D,3,0) -> 7 | G102: =+VLOOKUP(A102,'q_1 district (черн)'!A:D,4,0) -> 71
A103: Наманган ш. | B103: 10 | C103: 13 | D103: 58 | E103: =+VLOOKUP(A103,'q_1 district (черн)'!A:D,2,0) -> 12 | F103: =+VLOOKUP(A103,'q_1 district (черн)'!A:D,3,0) -> 15 | G103: =+VLOOKUP(A103,'q_1 district (черн)'!A:D,4,0) -> 62
A104: Нарпай | B104: 9 | C104: 20 | D104: 56 | E104: =+VLOOKUP(A104,'q_1 district (черн)'!A:D,2,0) -> 7 | F104: =+VLOOKUP(A104,'q_1 district (черн)'!A:D,3,0) -> 22 | G104: =+VLOOKUP(A104,'q_1 district (черн)'!A:D,4,0) -> 49
A105: Нишон | B105: 9 | C105: 15 | D105: 55 | E105: =+VLOOKUP(A105,'q_1 district (черн)'!A:D,2,0) -> 7 | F105: =+VLOOKUP(A105,'q_1 district (черн)'!A:D,3,0) -> 22 | G105: =+VLOOKUP(A105,'q_1 district (черн)'!A:D,4,0) -> 48
A106: Норин | B106: 13 | C106: 15 | D106: 57 | E106: =+VLOOKUP(A106,'q_1 district (черн)'!A:D,2,0) -> 10 | F106: =+VLOOKUP(A106,'q_1 district (черн)'!A:D,3,0) -> 24 | G106: =+VLOOKUP(A106,'q_1 district (черн)'!A:D,4,0) -> 57
A107: Нукус | B107: 1 | C107: 24 | D107: 49 | E107: =+VLOOKUP(A107,'q_1 district (черн)'!A:D,2,0) -> 4 | F107: =+VLOOKUP(A107,'q_1 district (черн)'!A:D,3,0) -> 20 | G107: =+VLOOKUP(A107,'q_1 district (черн)'!A:D,4,0) -> 49
A108: Нукус ш. | B108: 8 | C108: 20 | D108: 56 | E108: =+VLOOKUP(A108,'q_1 district (черн)'!A:D,2,0) -> 7 | F108: =+VLOOKUP(A108,'q_1 district (черн)'!A:D,3,0) -> 27 | G108: =+VLOOKUP(A108,'q_1 district (черн)'!A:D,4,0) -> 46
A109: Нурафшон ш. | B109: 16 | C109: 24 | D109: 41 | E109: =+VLOOKUP(A109,'q_1 district (черн)'!A:D,2,0) -> 22 | F109: =+VLOOKUP(A109,'q_1 district (черн)'!A:D,3,0) -> 24 | G109: =+VLOOKUP(A109,'q_1 district (черн)'!A:D,4,0) -> 48
A110: Нуробод | B110: 6 | C110: 15 | D110: 57 | E110: =+VLOOKUP(A110,'q_1 district (черн)'!A:D,2,0) -> 6 | F110: =+VLOOKUP(A110,'q_1 district (черн)'!A:D,3,0) -> 19 | G110: =+VLOOKUP(A110,'q_1 district (черн)'!A:D,4,0) -> 58
A111: Нурота | B111: 9 | C111: 18 | D111: 51 | E111: =+VLOOKUP(A111,'q_1 district (черн)'!A:D,2,0) -> 9 | F111: =+VLOOKUP(A111,'q_1 district (черн)'!A:D,3,0) -> 25 | G111: =+VLOOKUP(A111,'q_1 district (черн)'!A:D,4,0) -> 60
... A146: Тойлоқ | B146: 4 | C146: 12 | D146: 56 | E146: =+VLOOKUP(A146,'q_1 district (черн)'!A:D,2,0) -> 7 | F146: =+VLOOKUP(A146,'q_1 district (черн)'!A:D,3,0) -> 6 | G146: =+VLOOKUP(A146,'q_1 district (черн)'!A:D,4,0) -> 66
A147: Томди | C147: 6 | D147: 78 | E147: =+VLOOKUP(A147,'q_1 district (черн)'!A:D,2,0) -> 0 | F147: =+VLOOKUP(A147,'q_1 district (черн)'!A:D,3,0) -> 25 | G147: =+VLOOKUP(A147,'q_1 district (черн)'!A:D,4,0) -> 69
A148: Тошкент | B148: 15 | C148: 24 | D148: 41 | E148: =+VLOOKUP(A148,'q_1 district (черн)'!A:D,2,0) -> 16 | F148: =+VLOOKUP(A148,'q_1 district (черн)'!A:D,3,0) -> 20 | G148: =+VLOOKUP(A148,'q_1 district (черн)'!A:D,4,0) -> 40
A149: Тошлоқ | B149: 7 | C149: 10 | D149: 57 | E149: =+VLOOKUP(A149,'q_1 district (черн)'!A:D,2,0) -> 12 | F149: =+VLOOKUP(A149,'q_1 district (черн)'!A:D,3,0) -> 16 | G149: =+VLOOKUP(A149,'q_1 district (черн)'!A:D,4,0) -> 57
A150: Тупроққальа | B150: 11 | C150: 12 | D150: 65 | E150: =+VLOOKUP(A150,'q_1 district (черн)'!A:D,2,0) -> 12 | F150: =+VLOOKUP(A150,'q_1 district (черн)'!A:D,3,0) -> 32 | G150: =+VLOOKUP(A150,'q_1 district (черн)'!A:D,4,0) -> 37
A151: Тўрақўрғон | B151: 4 | C151: 11 | D151: 72 | E151: =+VLOOKUP(A151,'q_1 district (черн)'!A:D,2,0) -> 4 | F151: =+VLOOKUP(A151,'q_1 district (черн)'!A:D,3,0) -> 13 | G151: =+VLOOKUP(A151,'q_1 district (черн)'!A:D,4,0) -> 60
A152: Тўрткўл | B152: 11 | C152: 15 | D152: 58 | E152: =+VLOOKUP(A152,'q_1 district (черн)'!A:D,2,0) -> 7 | F152: =+VLOOKUP(A152,'q_1 district (черн)'!A:D,3,0) -> 18 | G152: =+VLOOKUP(A152,'q_1 district (черн)'!A:D,4,0) -> 53
A153: Ўзбекистон | B153: 5 | C153: 13 | D153: 68 | E153: =+VLOOKUP(A153,'q_1 district (черн)'!A:D,2,0) -> 11 | F153: =+VLOOKUP(A153,'q_1 district (черн)'!A:D,3,0) -> 18 | G153: =+VLOOKUP(A153,'q_1 district (черн)'!A:D,4,0) -> 53
A154: Узун | B154: 7 | C154: 11 | D154: 53 | E154: =+VLOOKUP(A154,'q_1 district (черн)'!A:D,2,0) -> 5 | F154: =+VLOOKUP(A154,'q_1 district (черн)'!A:D,3,0) -> 9 | G154: =+VLOOKUP(A154,'q_1 district (черн)'!A:D,4,0) -> 59
A155: Уйчи | B155: 6 | C155: 15 | D155: 65 | E155: =+VLOOKUP(A155,'q_1 district (черн)'!A:D,2,0) -> 8 | F155: =+VLOOKUP(A155,'q_1 district (черн)'!A:D,3,0) -> 19 | G155: =+VLOOKUP(A155,'q_1 district (черн)'!A:D,4,0) -> 54
A156: Улуғнор | B156: 13 | C156: 15 | D156: 55 | E156: =+VLOOKUP(A156,'q_1 district (черн)'!A:D,2,0) -> 14 | F156: =+VLOOKUP(A156,'q_1 district (черн)'!A:D,3,0) -> 26 | G156: =+VLOOKUP(A156,'q_1 district (черн)'!A:D,4,0) -> 46
A157: Урганч | B157: 12 | C157: 21 | D157: 52 | E157: =+VLOOKUP(A157,'q_1 district (черн)'!A:D,2,0) -> 10 | F157: =+VLOOKUP(A157,'q_1 district (черн)'!A:D,3,0) -> 20 | G157: =+VLOOKUP(A157,'q_1 district (черн)'!A:D,4,0) -> 53
A158: Урганч ш. | B158: 10 | C158: 23 | D158: 49 | E158: =+VLOOKUP(A158,'q_1 district (черн)'!A:D,2,0) -> 13 | F158: =+VLOOKUP(A158,'q_1 district (черн)'!A:D,3,0) -> 27 | G158: =+VLOOKUP(A158,'q_1 district (черн)'!A:D,4,0) -> 45
A159: Ургут | B159: 3 | C159: 16 | D159: 64 | E159: =+VLOOKUP(A159,'q_1 district (черн)'!A:D,2,0) -> 4 | F159: =+VLOOKUP(A159,'q_1 district (черн)'!A:D,3,0) -> 8 | G159: =+VLOOKUP(A159,'q_1 district (черн)'!A:D,4,0) -> 68
... A210: Республика бўйича ўртача | B210: 8 | C210: 17 | D210: 53 | E210: =+VLOOKUP(A210,'q_1 district (черн)'!A:D,2,0) -> 8 | F210: =+VLOOKUP(A210,'q_1 district (черн)'!A:D,3,0) -> 18 | G210: =+VLOOKUP(A210,'q_1 district (черн)'!A:D,4,0) -> 53

Sheet q_1 district (черн)
B1: Август
A2: district | B2: Ёмонлашади | C2: Ўзгармайди | D2: Яхшиланади
A3: Ёзёвон | B3: 6 | C3: 12 | D3: 61
A4: Ўзбекистон | B4: 11 | C4: 18 | D4: 53
A5: Ўртачирчиқ | B5: 10 | C5: 19 | D5: 60
A6: Амударё | B6: 4 | C6: 18 | D6: 52
A7: Ангор | B7: 9 | C7: 14 | D7: 56
A8: Ангрен ш. | B8: 8 | C8: 28 | D8: 48
A9: Андижон | B9: 6 | C9: 17 | D9: 51
A10: Андижон ш. | B10: 10 | C10: 12 | D10: 53
A11: Арнасой | B11: 10 | C11: 20 | D11: 57
A12: Асака | B12: 8 | C12: 19 | D12: 50
A13: Балиқчи | B13: 6 | C13: 16 | D13: 61
A14: Бандихон | B14: 11 | C14: 13 | D14: 56
... A123: Тойлоқ | B123: 7 | C123: 6 | D123: 66
A124: Томди | C124: 25 | D124: 69
A125: Тошкент | B125: 16 | C125: 20 | D125: 40
A126: Тошлоқ | B126: 12 | C126: 16 | D126: 57
A127: Тупроққальа | B127: 12 | C127: 32 | D127: 37
A128: Тўрақўрғон | B128: 4 | C128: 13 | D128: 60
A129: Тўрткўл | B129: 7 | C129: 18 | D129: 53
A130: Узун | B130: 5 | C130: 9 | D130: 59
A131: Уйчи | B131: 8 | C131: 19 | D131: 54
A132: Улуғнор | B132: 14 | C132: 26 | D132: 46
A133: Урганч | B133: 10 | C133: 20 | D133: 53
A134: Урганч ш. | B134: 13 | C134: 27 | D134: 45
A135: Ургут | B135: 4 | C135: 8 | D135: 68
A136: Учкўприк | B136: 6 | C136: 11 | D136: 59
... A168: Шофиркон | B168: 7 | C168: 17 | D168: 61
A169: Шуманай | C169: 22 | D169: 58
A170: Шўрчи | B170: 14 | C170: 9 | D170: 52
A171: Элликқалъа | B171: 11 | C171: 15 | D171: 50
A172: Юнусобод | B172: 7 | C172: 26 | D172: 52
A173: Юқоричирчиқ | B173: 9 | C173: 19 | D173: 44
A174: Яккабоғ | B174: 8 | C174: 26 | D174: 45
A175: Яккасарой | B175: 23 | C175: 16 | D175: 48
A176: Янгиариқ | B176: 8 | C176: 21 | D176: 62
A177: Янгибозор | B177: 17 | C177: 21 | D177: 45
A178: Янгиер ш. | B178: 2 | C178: 12 | D178: 63
A179: Янгийўл | B179: 6 | C179: 17 | D179: 53
A180: Янгийўл ш. | B180: 8 | C180: 21 | D180: 49
A181: Янгиобод | B181: 8 | C181: 22 | D181: 59
... A195: Қоракўл | B195: 7 | C195: 14 | D195: 60
A196: Қораўзак | C196: 22 | D196: 53
A197: Қоровулбозор | B197: 2 | C197: 17 | D197: 58
A198: Қува | B198: 10 | C198: 21 | D198: 52
A199: Қувасой ш. | B199: 10 | C199: 14 | D199: 54
A200: Қуйичирчиқ | B200: 5 | C200: 12 | D200: 57
A201: Қумқўрғон | B201: 13 | C201: 15 | D201: 52
A202: Қўнғирот | B202: 3 | C202: 22 | D202: 47
A203: Қўрғонтепа | B203: 8 | C203: 13 | D203: 53
A204: Қўшкўпир | B204: 6 | C204: 20 | D204: 53
A205: Қўшрабод | B205: 2 | C205: 15 | D205: 57
A206: Қўштепа | B206: 12 | C206: 18 | D206: 62
A207: Қўқон ш. | B207: 16 | C207: 23 | D207: 35
A208: Республика бўйича ўртача | B208: 8 | C208: 18 | D208: 53

Sheet q_3
B3: 2025 йил май | E3: 2025 йил август
A4: district | B4: Қисқаради | C4: Ўзгармайди | D4: Кўпаяди | E4: Қисқаради | F4: Ўзгармайди | G4: Кўпаяди
A5: Кашкадарё вилояти | B5: 8 | C5: 28 | D5: 41 | E5: =+VLOOKUP(A5,'q_3 (черн)'!A:D,2,0) -> 13 | F5: =+VLOOKUP(A5,'q_3 (черн)'!A:D,3,0) -> 27 | G5: =+VLOOKUP(A5,'q_3 (черн)'!A:D,4,0) -> 41
A6: Тошкент шахри | B6: 9 | C6: 25 | D6: 49 | E6: =+VLOOKUP(A6,'q_3 (черн)'!A:D,2,0) -> 8 | F6: =+VLOOKUP(A6,'q_3 (черн)'!A:D,3,0) -> 27 | G6: =+VLOOKUP(A6,'q_3 (черн)'!A:D,4,0) -> 49
A7: Андижон вилояти | B7: 7 | C7: 23 | D7: 52 | E7: =+VLOOKUP(A7,'q_3 (черн)'!A:D,2,0) -> 15 | F7: =+VLOOKUP(A7,'q_3 (черн)'!A:D,3,0) -> 24 | G7: =+VLOOKUP(A7,'q_3 (черн)'!A:D,4,0) -> 43
A8: Хоразм вилояти | B8: 9 | C8: 22 | D8: 50 | E8: =+VLOOKUP(A8,'q_3 (черн)'!A:D,2,0) -> 13 | F8: =+VLOOKUP(A8,'q_3 (черн)'!A:D,3,0) -> 26 | G8: =+VLOOKUP(A8,'q_3 (черн)'!A:D,4,0) -> 44
A9: Самарканд вилояти | B9: 8 | C9: 22 | D9: 50 | E9: =+VLOOKUP(A9,'q_3 (черн)'!A:D,2,0) -> 16 | F9: =+VLOOKUP(A9,'q_3 (черн)'!A:D,3,0) -> 23 | G9: =+VLOOKUP(A9,'q_3 (черн)'!A:D,4,0) -> 44
A10: Наманган вилояти | B10: 7 | C10: 23 | D10: 53 | E10: =+VLOOKUP(A10,'q_3 (черн)'!A:D,2,0) -> 14 | F10: =+VLOOKUP(A10,'q_3 (черн)'!A:D,3,0) -> 23 | G10: =+VLOOKUP(A10,'q_3 (черн)'!A:D,4,0) -> 49
A11: Фаргона вилояти | B11: 10 | C11: 23 | D11: 49 | E11: =+VLOOKUP(A11,'q_3 (черн)'!A:D,2,0) -> 17 | F11: =+VLOOKUP(A11,'q_3 (черн)'!A:D,3,0) -> 23 | G11: =+VLOOKUP(A11,'q_3 (черн)'!A:D,4,0) -> 45
A12: Бухоро вилояти | B12: 10 | C12: 29 | D12: 44 | E12: =+VLOOKUP(A12,'q_3 (черн)'!A:D,2,0) -> 10 | F12: =+VLOOKUP(A12,'q_3 (черн)'!A:D,3,0) -> 28 | G12: =+VLOOKUP(A12,'q_3 (черн)'!A:D,4,0) -> 45
A13: Коракалпокистон Республикаси | B13: 8 | C13: 27 | D13: 48 | E13: =+VLOOKUP(A13,'q_3 (черн)'!A:D,2,0) -> 15 | F13: =+VLOOKUP(A13,'q_3 (черн)'!A:D,3,0) -> 32 | G13: =+VLOOKUP(A13,'q_3 (черн)'!A:D,4,0) -> 35
A14: Тошкент вилояти | B14: 10 | C14: 28 | D14: 41 | E14: =+VLOOKUP(A14,'q_3 (черн)'!A:D,2,0) -> 14 | F14: =+VLOOKUP(A14,'q_3 (черн)'!A:D,3,0) -> 27 | G14: =+VLOOKUP(A14,'q_3 (черн)'!A:D,4,0) -> 38
A15: Жиззах вилояти | B15: 9 | C15: 23 | D15: 51 | E15: =+VLOOKUP(A15,'q_3 (черн)'!A:D,2,0) -> 13 | F15: =+VLOOKUP(A15,'q_3 (черн)'!A:D,3,0) -> 27 | G15: =+VLOOKUP(A15,'q_3 (черн)'!A:D,4,0) -> 46
A16: Сирдарё вилояти | B16: 10 | C16: 24 | D16: 46 | E16: =+VLOOKUP(A16,'q_3 (черн)'!A:D,2,0) -> 13 | F16: =+VLOOKUP(A16,'q_3 (черн)'!A:D,3,0) -> 28 | G16: =+VLOOKUP(A16,'q_3 (черн)'!A:D,4,0) -> 36
... A19: Республика бўйича ўртача | B19: 9 | C19: 25 | D19: 47 | E19: =+VLOOKUP(A19,'q_3 (черн)'!A:D,2,0) -> 14 | F19: =+VLOOKUP(A19,'q_3 (черн)'!A:D,3,0) -> 26 | G19: =+VLOOKUP(A19,'q_3 (черн)'!A:D,4,0) -> 43

Sheet q_3 (черн)
B1: Август
A2: district | B2: Қисқаради | C2: Ўзгармайди | D2: Кўпаяди
A3: Андижон вилояти | B3: 15 | C3: 24 | D3: 43
A4: Бухоро вилояти | B4: 10 | C4: 28 | D4: 45
A5: Жиззах вилояти | B5: 13 | C5: 27 | D5: 46
A6: Кашкадарё вилояти | B6: 13 | C6: 27 | D6: 41
A7: Коракалпокистон Республикаси | B7: 15 | C7: 32 | D7: 35
A8: Навоий вилояти | B8: 13 | C8: 30 | D8: 44
A9: Наманган вилояти | B9: 14 | C9: 23 | D9: 49
A10: Самарканд вилояти | B10: 16 | C10: 23 | D10: 44
A11: Сирдарё вилояти | B11: 13 | C11: 28 | D11: 36
A12: Сурхандарё вилояти | B12: 12 | C12: 25 | D12: 42
A13: Тошкент вилояти | B13: 14 | C13: 27 | D13: 38
A14: Тошкент шахри | B14: 8 | C14: 27 | D14: 49
... A17: Республика бўйича ўртача | B17: 14 | C17: 26 | D17: 43

Sheet q_3 district
B3: 2025 йил май | E3: 2025 йил август
A4: district | B4: Қисқаради | C4: Ўзгармайди | D4: Кўпаяди | E4: Қисқаради | F4: Ўзгармайди | G4: Кўпаяди
A5: Амударё | B5: 16 | C5: 34 | D5: 35 | E5: =+VLOOKUP(A5,'q_3 district (черн)'!A:D,2,0) -> 21 | F5: =+VLOOKUP(A5,'q_3 district (черн)'!A:D,3,0) -> 29 | G5: =+VLOOKUP(A5,'q_3 district (черн)'!A:D,4,0) -> 31
A6: Ангор | B6: 12 | C6: 15 | D6: 51 | E6: =+VLOOKUP(A6,'q_3 district (черн)'!A:D,2,0) -> 12 | F6: =+VLOOKUP(A6,'q_3 district (черн)'!A:D,3,0) -> 25 | G6: =+VLOOKUP(A6,'q_3 district (черн)'!A:D,4,0) -> 44
A7: Ангрен ш. | B7: 12 | C7: 33 | D7: 33 | E7: =+VLOOKUP(A7,'q_3 district (черн)'!A:D,2,0) -> 10 | F7: =+VLOOKUP(A7,'q_3 district (черн)'!A:D,3,0) -> 27 | G7: =+VLOOKUP(A7,'q_3 district (черн)'!A:D,4,0) -> 40
A8: Андижон | B8: 7 | C8: 24 | D8: 52 | E8: =+VLOOKUP(A8,'q_3 district (черн)'!A:D,2,0) -> 12 | F8: =+VLOOKUP(A8,'q_3 district (черн)'!A:D,3,0) -> 16 | G8: =+VLOOKUP(A8,'q_3 district (черн)'!A:D,4,0) -> 55
A9: Андижон ш. | B9: 6 | C9: 21 | D9: 48 | E9: =+VLOOKUP(A9,'q_3 district (черн)'!A:D,2,0) -> 14 | F9: =+VLOOKUP(A9,'q_3 district (черн)'!A:D,3,0) -> 26 | G9: =+VLOOKUP(A9,'q_3 district (черн)'!A:D,4,0) -> 44
A10: Арнасой | B10: 13 | C10: 18 | D10: 51 | E10: =+VLOOKUP(A10,'q_3 district (черн)'!A:D,2,0) -> 11 | F10: =+VLOOKUP(A10,'q_3 district (черн)'!A:D,3,0) -> 36 | G10: =+VLOOKUP(A10,'q_3 district (черн)'!A:D,4,0) -> 40
A11: Асака | B11: 7 | C11: 25 | D11: 47 | E11: =+VLOOKUP(A11,'q_3 district (черн)'!A:D,2,0) -> 16 | F11: =+VLOOKUP(A11,'q_3 district (черн)'!A:D,3,0) -> 25 | G11: =+VLOOKUP(A11,'q_3 district (черн)'!A:D,4,0) -> 37
A12: Балиқчи | B12: 10 | C12: 18 | D12: 48 | E12: =+VLOOKUP(A12,'q_3 district (черн)'!A:D,2,0) -> 16 | F12: =+VLOOKUP(A12,'q_3 district (черн)'!A:D,3,0) -> 16 | G12: =+VLOOKUP(A12,'q_3 district (черн)'!A:D,4,0) -> 47
A13: Бандихон | B13: 4 | C13: 36 | D13: 44 | E13: =+VLOOKUP(A13,'q_3 district (черн)'!A:D,2,0) -> 10 | F13: =+VLOOKUP(A13,'q_3 district (черн)'!A:D,3,0) -> 23 | G13: =+VLOOKUP(A13,'q_3 district (черн)'!A:D,4,0) -> 45
A14: Бахмал | B14: 9 | C14: 27 | D14: 47 | E14: =+VLOOKUP(A14,'q_3 district (черн)'!A:D,2,0) -> 6 | F14: =+VLOOKUP(A14,'q_3 district (черн)'!A:D,3,0) -> 26 | G14: =+VLOOKUP(A14,'q_3 district (черн)'!A:D,4,0) -> 59
A15: Бекобод | B15: 8 | C15: 26 | D15: 40 | E15: =+VLOOKUP(A15,'q_3 district (черн)'!A:D,2,0) -> 22 | F15: =+VLOOKUP(A15,'q_3 district (черн)'!A:D,3,0) -> 24 | G15: =+VLOOKUP(A15,'q_3 district (черн)'!A:D,4,0) -> 43
A16: Бекобод ш. | B16: 8 | C16: 34 | D16: 42 | E16: =+VLOOKUP(A16,'q_3 district (черн)'!A:D,2,0) -> 10 | F16: =+VLOOKUP(A16,'q_3 district (черн)'!A:D,3,0) -> 30 | G16: =+VLOOKUP(A16,'q_3 district (черн)'!A:D,4,0) -> 44
... A210: Республика бўйича ўртача | B210: 9 | C210: 25 | D210: 47 | E210: =+VLOOKUP(A210,'q_3 district (черн)'!A:D,2,0) -> 14 | F210: =+VLOOKUP(A210,'q_3 district (черн)'!A:D,3,0) -> 26 | G210: =+VLOOKUP(A210,'q_3 district (черн)'!A:D,4,0) -> 43

Sheet q_3 district (черн)
B1: Август
A2: district | B2: Қисқаради | C2: Ўзгармайди | D2: Кўпаяди
A3: Ёзёвон | B3: 16 | C3: 15 | D3: 50
A4: Ўзбекистон | B4: 22 | C4: 24 | D4: 44
A5: Ўртачирчиқ | B5: 18 | C5: 24 | D5: 50
A6: Амударё | B6: 21 | C6: 29 | D6: 31
A7: Ангор | B7: 12 | C7: 25 | D7: 44
A8: Ангрен ш. | B8: 10 | C8: 27 | D8: 40
A9: Андижон | B9: 12 | C9: 16 | D9: 55
A10: Андижон ш. | B10: 14 | C10: 26 | D10: 44
A11: Арнасой | B11: 11 | C11: 36 | D11: 40
A12: Асака | B12: 16 | C12: 25 | D12: 37
A13: Балиқчи | B13: 16 | C13: 16 | D13: 47
A14: Бандихон | B14: 10 | C14: 23 | D14: 45
... A208: Республика бўйича ўртача | B208: 14 | C208: 26 | D208: 43

Sheet q_5
B3: 2025 йил май | E3: 2025 йил август
A4: district | B4: Камаяди | C4: Ўзгармайди | D4: Кўпаяди | E4: Камаяди | F4: Ўзгармайди | G4: Кўпаяди
A5: Кашкадарё вилояти | B5: 9 | C5: 23 | D5: 40 | E5: =+VLOOKUP(A5,'q_5 (черн)'!A:D,2,0) -> 11 | F5: =+VLOOKUP(A5,'q_5 (черн)'!A:D,3,0) -> 25 | G5: =+VLOOKUP(A5,'q_5 (черн)'!A:D,4,0) -> 37
A6: Тошкент шахри | B6: 10 | C6: 22 | D6: 38 | E6: =+VLOOKUP(A6,'q_5 (черн)'!A:D,2,0) -> 13 | F6: =+VLOOKUP(A6,'q_5 (черн)'!A:D,3,0) -> 25 | G6: =+VLOOKUP(A6,'q_5 (черн)'!A:D,4,0) -> 39
A7: Андижон вилояти | B7: 7 | C7: 21 | D7: 45 | E7: =+VLOOKUP(A7,'q_5 (черн)'!A:D,2,0) -> 16 | F7: =+VLOOKUP(A7,'q_5 (черн)'!A:D,3,0) -> 21 | G7: =+VLOOKUP(A7,'q_5 (черн)'!A:D,4,0) -> 44
A8: Хоразм вилояти | B8: 10 | C8: 23 | D8: 39 | E8: =+VLOOKUP(A8,'q_5 (черн)'!A:D,2,0) -> 12 | F8: =+VLOOKUP(A8,'q_5 (черн)'!A:D,3,0) -> 25 | G8: =+VLOOKUP(A8,'q_5 (черн)'!A:D,4,0) -> 41
A9: Самарканд вилояти | B9: 9 | C9: 20 | D9: 42 | E9: =+VLOOKUP(A9,'q_5 (черн)'!A:D,2,0) -> 16 | F9: =+VLOOKUP(A9,'q_5 (черн)'!A:D,3,0) -> 20 | G9: =+VLOOKUP(A9,'q_5 (черн)'!A:D,4,0) -> 45
A10: Наманган вилояти | B10: 9 | C10: 20 | D10: 45 | E10: =+VLOOKUP(A10,'q_5 (черн)'!A:D,2,0) -> 16 | F10: =+VLOOKUP(A10,'q_5 (черн)'!A:D,3,0) -> 21 | G10: =+VLOOKUP(A10,'q_5 (черн)'!A:D,4,0) -> 46
A11: Фаргона вилояти | B11: 11 | C11: 21 | D11: 42 | E11: =+VLOOKUP(A11,'q_5 (черн)'!A:D,2,0) -> 18 | F11: =+VLOOKUP(A11,'q_5 (черн)'!A:D,3,0) -> 20 | G11: =+VLOOKUP(A11,'q_5 (черн)'!A:D,4,0) -> 41
A12: Бухоро вилояти | B12: 12 | C12: 25 | D12: 38 | E12: =+VLOOKUP(A12,'q_5 (черн)'!A:D,2,0) -> 10 | F12: =+VLOOKUP(A12,'q_5 (черн)'!A:D,3,0) -> 26 | G12: =+VLOOKUP(A12,'q_5 (черн)'!A:D,4,0) -> 43
A13: Коракалпокистон Республикаси | B13: 10 | C13: 24 | D13: 39 | E13: =+VLOOKUP(A13,'q_5 (черн)'!A:D,2,0) -> 15 | F13: =+VLOOKUP(A13,'q_5 (черн)'!A:D,3,0) -> 23 | G13: =+VLOOKUP(A13,'q_5 (черн)'!A:D,4,0) -> 37
A14: Тошкент вилояти | B14: 10 | C14: 23 | D14: 38 | E14: =+VLOOKUP(A14,'q_5 (черн)'!A:D,2,0) -> 12 | F14: =+VLOOKUP(A14,'q_5 (черн)'!A:D,3,0) -> 23 | G14: =+VLOOKUP(A14,'q_5 (черн)'!A:D,4,0) -> 42
A15: Жиззах вилояти | B15: 10 | C15: 26 | D15: 43 | E15: =+VLOOKUP(A15,'q_5 (черн)'!A:D,2,0) -> 13 | F15: =+VLOOKUP(A15,'q_5 (черн)'!A:D,3,0) -> 24 | G15: =+VLOOKUP(A15,'q_5 (черн)'!A:D,4,0) -> 42
A16: Сирдарё вилояти | B16: 10 | C16: 24 | D16: 40 | E16: =+VLOOKUP(A16,'q_5 (черн)'!A:D,2,0) -> 16 | F16: =+VLOOKUP(A16,'q_5 (черн)'!A:D,3,0) -> 19 | G16: =+VLOOKUP(A16,'q_5 (черн)'!A:D,4,0) -> 43
... A19: Республика бўйича ўртача | B19: 10 | C19: 22 | D19: 41 | E19: =+VLOOKUP(A19,'q_5 (черн)'!A:D,2,0) -> 14 | F19: =+VLOOKUP(A19,'q_5 (черн)'!A:D,3,0) -> 23 | G19: =+VLOOKUP(A19,'q_5 (черн)'!A:D,4,0) -> 41

Sheet q_5 (черн)
B1: Август
A2: district | B2: Камаяди | C2: Ўзгармайди | D2: Кўпаяди
A3: Андижон вилояти | B3: 16 | C3: 21 | D3: 44
A4: Бухоро вилояти | B4: 10 | C4: 26 | D4: 43
A5: Жиззах вилояти | B5: 13 | C5: 24 | D5: 42
A6: Кашкадарё вилояти | B6: 11 | C6: 25 | D6: 37
A7: Коракалпокистон Республикаси | B7: 15 | C7: 23 | D7: 37
A8: Навоий вилояти | B8: 14 | C8: 25 | D8: 39
A9: Наманган вилояти | B9: 16 | C9: 21 | D9: 46
A10: Самарканд вилояти | B10: 16 | C10: 20 | D10: 45
A11: Сирдарё вилояти | B11: 16 | C11: 19 | D11: 43
A12: Сурхандарё вилояти | B12: 11 | C12: 26 | D12: 39
A13: Тошкент вилояти | B13: 12 | C13: 23 | D13: 42
A14: Тошкент шахри | B14: 13 | C14: 25 | D14: 39
... A17: Республика бўйича ўртача | B17: 14 | C17: 23 | D17: 41

Sheet q_5 district
B3: 2025 йил май | E3: 2025 йил август
A4: district | B4: Камаяди | C4: Ўзгармайди | D4: Кўпаяди | E4: Камаяди | F4: Ўзгармайди | G4: Кўпаяди
A5: Амударё | B5: 17 | C5: 23 | D5: 38 | E5: =+VLOOKUP(A5,'q_5 district (черн)'!A:D,2,0) -> 15 | F5: =+VLOOKUP(A5,'q_5 district (черн)'!A:D,3,0) -> 25 | G5: =+VLOOKUP(A5,'q_5 district (черн)'!A:D,4,0) -> 33
A6: Ангор | B6: 12 | C6: 17 | D6: 41 | E6: =+VLOOKUP(A6,'q_5 district (черн)'!A:D,2,0) -> 11 | F6: =+VLOOKUP(A6,'q_5 district (черн)'!A:D,3,0) -> 24 | G6: =+VLOOKUP(A6,'q_5 district (черн)'!A:D,4,0) -> 36
A7: Ангрен ш. | B7: 7 | C7: 28 | D7: 39 | E7: =+VLOOKUP(A7,'q_5 district (черн)'!A:D,2,0) -> 10 | F7: =+VLOOKUP(A7,'q_5 district (черн)'!A:D,3,0) -> 25 | G7: =+VLOOKUP(A7,'q_5 district (черн)'!A:D,4,0) -> 46
A8: Андижон | B8: 3 | C8: 18 | D8: 51 | E8: =+VLOOKUP(A8,'q_5 district (черн)'!A:D,2,0) -> 10 | F8: =+VLOOKUP(A8,'q_5 district (черн)'!A:D,3,0) -> 20 | G8: =+VLOOKUP(A8,'q_5 district (черн)'!A:D,4,0) -> 53
A9: Андижон ш. | B9: 5 | C9: 19 | D9: 39 | E9: =+VLOOKUP(A9,'q_5 district (черн)'!A:D,2,0) -> 10 | F9: =+VLOOKUP(A9,'q_5 district (черн)'!A:D,3,0) -> 21 | G9: =+VLOOKUP(A9,'q_5 district (черн)'!A:D,4,0) -> 45
A10: Арнасой | B10: 7 | C10: 23 | D10: 61 | E10: =+VLOOKUP(A10,'q_5 district (черн)'!A:D,2,0) -> 29 | F10: =+VLOOKUP(A10,'q_5 district (черн)'!A:D,3,0) -> 23 | G10: =+VLOOKUP(A10,'q_5 district (черн)'!A:D,4,0) -> 29
A11: Асака | B11: 9 | C11: 13 | D11: 49 | E11: =+VLOOKUP(A11,'q_5 district (черн)'!A:D,2,0) -> 17 | F11: =+VLOOKUP(A11,'q_5 district (черн)'!A:D,3,0) -> 18 | G11: =+VLOOKUP(A11,'q_5 district (черн)'!A:D,4,0) -> 47
A12: Балиқчи | B12: 6 | C12: 20 | D12: 50 | E12: =+VLOOKUP(A12,'q_5 district (черн)'!A:D,2,0) -> 20 | F12: =+VLOOKUP(A12,'q_5 district (черн)'!A:D,3,0) -> 27 | G12: =+VLOOKUP(A12,'q_5 district (черн)'!A:D,4,0) -> 40
A13: Бандихон | B13: 7 | C13: 30 | D13: 40 | E13: =+VLOOKUP(A13,'q_5 district (черн)'!A:D,2,0) -> 20 | F13: =+VLOOKUP(A13,'q_5 district (черн)'!A:D,3,0) -> 18 | G13: =+VLOOKUP(A13,'q_5 district (черн)'!A:D,4,0) -> 39
A14: Бахмал | B14: 12 | C14: 32 | D14: 36 | E14: =+VLOOKUP(A14,'q_5 district (черн)'!A:D,2,0) -> 15 | F14: =+VLOOKUP(A14,'q_5 district (черн)'!A:D,3,0) -> 18 | G14: =+VLOOKUP(A14,'q_5 district (черн)'!A:D,4,0) -> 47
A15: Бекобод | B15: 19 | C15: 18 | D15: 45 | E15: =+VLOOKUP(A15,'q_5 district (черн)'!A:D,2,0) -> 15 | F15: =+VLOOKUP(A15,'q_5 district (черн)'!A:D,3,0) -> 26 | G15: =+VLOOKUP(A15,'q_5 district (черн)'!A:D,4,0) -> 37
A16: Бекобод ш. | B16: 14 | C16: 25 | D16: 27 | E16: =+VLOOKUP(A16,'q_5 district (черн)'!A:D,2,0) -> 9 | F16: =+VLOOKUP(A16,'q_5 district (черн)'!A:D,3,0) -> 32 | G16: =+VLOOKUP(A16,'q_5 district (черн)'!A:D,4,0) -> 33
... A210: Республика бўйича ўртача | B210: 10 | C210: 22 | D210: 41 | E210: =+VLOOKUP(A210,'q_5 district (черн)'!A:D,2,0) -> 14 | F210: =+VLOOKUP(A210,'q_5 district (черн)'!A:D,3,0) -> 23 | G210: =+VLOOKUP(A210,'q_5 district (черн)'!A:D,4,0) -> 41

Sheet q_5 district (черн)
B1: Август
A2: district | B2: Камаяди | C2: Ўзгармайди | D2: Кўпаяди
A3: Ёзёвон | B3: 24 | C3: 19 | D3: 41
A4: Ўзбекистон | B4: 21 | C4: 19 | D4: 44
A5: Ўртачирчиқ | B5: 8 | C5: 19 | D5: 54
A6: Амударё | B6: 15 | C6: 25 | D6: 33
A7: Ангор | B7: 11 | C7: 24 | D7: 36
A8: Ангрен ш. | B8: 10 | C8: 25 | D8: 46
A9: Андижон | B9: 10 | C9: 20 | D9: 53
A10: Андижон ш. | B10: 10 | C10: 21 | D10: 45
A11: Арнасой | B11: 29 | C11: 23 | D11: 29
A12: Асака | B12: 17 | C12: 18 | D12: 47
A13: Балиқчи | B13: 20 | C13: 27 | D13: 40
A14: Бандихон | B14: 20 | C14: 18 | D14: 39
... A208: Республика бўйича ўртача | B208: 14 | C208: 23 | D208: 41

Sheet eval_district
B3: 2025 йил май | C3: 2025 йил август
A4: district | B4: Ўртача баҳо | C4: Ўртача баҳо
A5: Тошкент шахри | B5: 7.2 | C5: =+VLOOKUP(A5,'eval_district (черн)'!A:B,2,0) -> 7.6 | D5: =+C5-B5 -> 0.4
A6: Сирдарё вилояти | B6: 8.6 | C6: =+VLOOKUP(A6,'eval_district (черн)'!A:B,2,0) -> 8.9 | D6: =+C6-B6 -> 0.3
A7: Фаргона вилояти | B7: 7.8 | C7: =+VLOOKUP(A7,'eval_district (черн)'!A:B,2,0) -> 8.1 | D7: =+C7-B7 -> 0.3
A8: Хоразм вилояти | B8: 7.6 | C8: =+VLOOKUP(A8,'eval_district (черн)'!A:B,2,0) -> 7.8 | D8: =+C8-B8 -> 0.2
A9: Андижон вилояти | B9: 8.4 | C9: =+VLOOKUP(A9,'eval_district (черн)'!A:B,2,0) -> 8.6 | D9: =+C9-B9 -> 0.2
A10: Самарканд вилояти | B10: 8.3 | C10: =+VLOOKUP(A10,'eval_district (черн)'!A:B,2,0) -> 8.5 | D10: =+C10-B10 -> 0.2
A11: Жиззах вилояти | B11: 7.9 | C11: =+VLOOKUP(A11,'eval_district (черн)'!A:B,2,0) -> 8.1 | D11: =+C11-B11 -> 0.2
A12: Тошкент вилояти | B12: 7.8 | C12: =+VLOOKUP(A12,'eval_district (черн)'!A:B,2,0) -> 7.9 | D12: =+C12-B12 -> 0.1
A13: Навоий вилояти | B13: 8.1 | C13: =+VLOOKUP(A13,'eval_district (черн)'!A:B,2,0) -> 8.2 | D13: =+C13-B13 -> 0.1
A14: Кашкадарё вилояти | B14: 7.7 | C14: =+VLOOKUP(A14,'eval_district (черн)'!A:B,2,0) -> 7.8 | D14: =+C14-B14 -> 0.1
A15: Бухоро вилояти | B15: 7.7 | C15: =+VLOOKUP(A15,'eval_district (черн)'!A:B,2,0) -> 7.8 | D15: =+C15-B15 -> 0.1
A16: Наманган вилояти | B16: 8 | C16: =+VLOOKUP(A16,'eval_district (черн)'!A:B,2,0) -> 8 | D16: =+C16-B16 -> 0
... A18: Сурхандарё вилояти | B18: 7.7 | C18: =+VLOOKUP(A18,'eval_district (черн)'!A:B,2,0) -> 7.6 | D18: =+C18-B18 -> -0.1
A19: Республика бўйича ўртача | B19: 7.9 | C19: =+VLOOKUP(A19,'eval_district (черн)'!A:B,2,0) -> 8.1

Sheet eval_district (черн)
B1: Август
A2: district | B2: Ўртача баҳо
A3: Сирдарё вилояти | B3: 8.9
A4: Андижон вилояти | B4: 8.6
A5: Самарканд вилояти | B5: 8.5
A6: Навоий вилояти | B6: 8.2
A7: Жиззах вилояти | B7: 8.1
A8: Фаргона вилояти | B8: 8.1
A9: Наманган вилояти | B9: 8
A10: Коракалпокистон Республикаси | B10: 7.9
A11: Тошкент вилояти | B11: 7.9
A12: Бухоро вилояти | B12: 7.8
A13: Кашкадарё вилояти | B13: 7.8
A14: Хоразм вилояти | B14: 7.8
... A17: Республика бўйича ўртача | B17: 8.1

Sheet eval_district (2)
B3: 2025 йил май | C3: 2025 йил август
A4: district | B4: Ўртача баҳо | C4: Ўртача баҳо
A5: Дўстлик | B5: 8.2 | C5: =+VLOOKUP(A5,'eval_district (черн) (2)'!A:B,2,0) -> 8.8 | D5: =+C5-B5 -> 0.6
A6: Пайариқ | B6: 7.1 | C6: =+VLOOKUP(A6,'eval_district (черн) (2)'!A:B,2,0) -> 8.7 | D6: =+C6-B6 -> 1.6
A7: Оқолтин | B7: 7.7 | C7: =+VLOOKUP(A7,'eval_district (черн) (2)'!A:B,2,0) -> 8.5 | D7: =+C7-B7 -> 0.8
A8: Булунғур | B8: 7.3 | C8: =+VLOOKUP(A8,'eval_district (черн) (2)'!A:B,2,0) -> 8.4 | D8: =+C8-B8 -> 1.1
A9: Қонликўл | B9: 7.3 | C9: =+VLOOKUP(A9,'eval_district (черн) (2)'!A:B,2,0) -> 8.3 | D9: =+C9-B9 -> 1
A10: Бекобод | B10: 7.7 | C10: =+VLOOKUP(A10,'eval_district (черн) (2)'!A:B,2,0) -> 8.3 | D10: =+C10-B10 -> 0.6
A11: Каттақўрғон ш. | B11: 7.7 | C11: =+VLOOKUP(A11,'eval_district (черн) (2)'!A:B,2,0) -> 8.3 | D11: =+C11-B11 -> 0.6
A12: Қизилтепа | B12: 8 | C12: =+VLOOKUP(A12,'eval_district (черн) (2)'!A:B,2,0) -> 8.3 | D12: =+C12-B12 -> 0.3
A13: Тойлоқ | B13: 6.9 | C13: =+VLOOKUP(A13,'eval_district (черн) (2)'!A:B,2,0) -> 8.2 | D13: =+C13-B13 -> 1.3
A14: Учқўрғон | B14: 7.1 | C14: =+VLOOKUP(A14,'eval_district (черн) (2)'!A:B,2,0) -> 8.2 | D14: =+C14-B14 -> 1.1
A15: Пахтаобод | B15: 7.5 | C15: =+VLOOKUP(A15,'eval_district (черн) (2)'!A:B,2,0) -> 8.1 | D15: =+C15-B15 -> 0.6
A16: Қоровулбозор | B16: 7.8 | C16: =+VLOOKUP(A16,'eval_district (черн) (2)'!A:B,2,0) -> 8.1 | D16: =+C16-B16 -> 0.3
... A210: Ғузор | B210: 6.7 | C210: =+VLOOKUP(A210,'eval_district (черн) (2)'!A:B,2,0) -> 5.8 | D210: =+C210-B210 -> -0.9

Sheet eval_district (черн) (2)
B1: Август
A2: district | B2: Ўртача баҳо
A3: Дўстлик | B3: 8.8
A4: Пайариқ | B4: 8.7
A5: Оқолтин | B5: 8.5
A6: Булунғур | B6: 8.4
A7: Бекобод | B7: 8.3
A8: Каттақўрғон ш. | B8: 8.3
A9: Қизилтепа | B9: 8.3
A10: Қонликўл | B10: 8.3
A11: Тойлоқ | B11: 8.2
A12: Учқўрғон | B12: 8.2
A13: Пахтаобод | B13: 8.1
A14: Қоровулбозор | B14: 8.1
... A208: Республика бўйича ўртача | B208: 7.2

Sheet employment_status
B3: 2025 йил май | D3: 2025 йил август
A4: district | B4: Йўқ | C4: Ҳа | D4: Йўқ | E4: Ҳа
A5: Кашкадарё вилояти | B5: 54 | C5: 46 | D5: =+VLOOKUP(A5,'employment_status (черн)'!A:C,2,0) -> 51 | E5: =+VLOOKUP(A5,'employment_status (черн)'!A:C,3,0) -> 49 | H5: =+E5-C5 -> 3
A6: Тошкент шахри | B6: 38 | C6: 62 | D6: =+VLOOKUP(A6,'employment_status (черн)'!A:C,2,0) -> 34 | E6: =+VLOOKUP(A6,'employment_status (черн)'!A:C,3,0) -> 66 | H6: =+E6-C6 -> 4
A7: Андижон вилояти | B7: 47 | C7: 53 | D7: =+VLOOKUP(A7,'employment_status (черн)'!A:C,2,0) -> 46 | E7: =+VLOOKUP(A7,'employment_status (черн)'!A:C,3,0) -> 54 | H7: =+E7-C7 -> 1
A8: Хоразм вилояти | B8: 52 | C8: 48 | D8: =+VLOOKUP(A8,'employment_status (черн)'!A:C,2,0) -> 50 | E8: =+VLOOKUP(A8,'employment_status (черн)'!A:C,3,0) -> 50 | H8: =+E8-C8 -> 2
A9: Самарканд вилояти | B9: 48 | C9: 52 | D9: =+VLOOKUP(A9,'employment_status (черн)'!A:C,2,0) -> 50 | E9: =+VLOOKUP(A9,'employment_status (черн)'!A:C,3,0) -> 50 | H9: =+E9-C9 -> -2
A10: Наманган вилояти | B10: 49 | C10: 51 | D10: =+VLOOKUP(A10,'employment_status (черн)'!A:C,2,0) -> 46 | E10: =+VLOOKUP(A10,'employment_status (черн)'!A:C,3,0) -> 54 | H10: =+E10-C10 -> 3
A11: Фаргона вилояти | B11: 48 | C11: 52 | D11: =+VLOOKUP(A11,'employment_status (черн)'!A:C,2,0) -> 45 | E11: =+VLOOKUP(A11,'employment_status (черн)'!A:C,3,0) -> 55 | H11: =+E11-C11 -> 3
A12: Бухоро вилояти | B12: 44 | C12: 56 | D12: =+VLOOKUP(A12,'employment_status (черн)'!A:C,2,0) -> 44 | E12: =+VLOOKUP(A12,'employment_status (черн)'!A:C,3,0) -> 56 | H12: =+E12-C12 -> 0
A13: Коракалпокистон Республикаси | B13: 53 | C13: 47 | D13: =+VLOOKUP(A13,'employment_status (черн)'!A:C,2,0) -> 50 | E13: =+VLOOKUP(A13,'employment_status (черн)'!A:C,3,0) -> 50 | H13: =+E13-C13 -> 3
A14: Тошкент вилояти | B14: 42 | C14: 58 | D14: =+VLOOKUP(A14,'employment_status (черн)'!A:C,2,0) -> 41 | E14: =+VLOOKUP(A14,'employment_status (черн)'!A:C,3,0) -> 59 | H14: =+E14-C14 -> 1
A15: Жиззах вилояти | B15: 53 | C15: 47 | D15: =+VLOOKUP(A15,'employment_status (черн)'!A:C,2,0) -> 50 | E15: =+VLOOKUP(A15,'employment_status (черн)'!A:C,3,0) -> 50 | H15: =+E15-C15 -> 3
A16: Сирдарё вилояти | B16: 49 | C16: 51 | D16: =+VLOOKUP(A16,'employment_status (черн)'!A:C,2,0) -> 44 | E16: =+VLOOKUP(A16,'employment_status (черн)'!A:C,3,0) -> 56 | H16: =+E16-C16 -> 5
... A19: Республика бўйича ўртача | B19: 48 | C19: 52 | D19: =+VLOOKUP(A19,'employment_status (черн)'!A:C,2,0) -> 46 | E19: =+VLOOKUP(A19,'employment_status (черн)'!A:C,3,0) -> 54 | H19: =+E19-C19 -> 2

Sheet employment_status (черн)
B1: Август
A2: district | B2: Йўқ | C2: Ҳа
A3: Андижон вилояти | B3: 46 | C3: 54
A4: Бухоро вилояти | B4: 44 | C4: 56
A5: Жиззах вилояти | B5: 50 | C5: 50
A6: Кашкадарё вилояти | B6: 51 | C6: 49
A7: Коракалпокистон Республикаси | B7: 50 | C7: 50
A8: Навоий вилояти | B8: 44 | C8: 56
A9: Наманган вилояти | B9: 46 | C9: 54
A10: Самарканд вилояти | B10: 50 | C10: 50
A11: Сирдарё вилояти | B11: 44 | C11: 56
A12: Сурхандарё вилояти | B12: 54 | C12: 46
A13: Тошкент вилояти | B13: 41 | C13: 59
A14: Тошкент шахри | B14: 34 | C14: 66
... A17: Республика бўйича ўртача | B17: 46 | C17: 54

Sheet employment_status (2)
B3: 2025 йил май | D3: 2025 йил август
A4: district | B4: Йўқ | C4: Ҳа | D4: Йўқ | E4: Ҳа
A5: Амударё | B5: 52 | C5: 48 | D5: =+VLOOKUP(A5,'employment_status (черн) (2)'!A:C,2,0) -> 58 | E5: =+VLOOKUP(A5,'employment_status (черн) (2)'!A:C,3,0) -> 42
A6: Ангор | B6: 62 | C6: 38 | D6: =+VLOOKUP(A6,'employment_status (черн) (2)'!A:C,2,0) -> 57 | E6: =+VLOOKUP(A6,'employment_status (черн) (2)'!A:C,3,0) -> 43
A7: Ангрен ш. | B7: 36 | C7: 64 | D7: =+VLOOKUP(A7,'employment_status (черн) (2)'!A:C,2,0) -> 47 | E7: =+VLOOKUP(A7,'employment_status (черн) (2)'!A:C,3,0) -> 53
A8: Андижон | B8: 37 | C8: 63 | D8: =+VLOOKUP(A8,'employment_status (черн) (2)'!A:C,2,0) -> 45 | E8: =+VLOOKUP(A8,'employment_status (черн) (2)'!A:C,3,0) -> 55
A9: Андижон ш. | B9: 50 | C9: 50 | D9: =+VLOOKUP(A9,'employment_status (черн) (2)'!A:C,2,0) -> 42 | E9: =+VLOOKUP(A9,'employment_status (черн) (2)'!A:C,3,0) -> 58
A10: Арнасой | B10: 43 | C10: 57 | D10: =+VLOOKUP(A10,'employment_status (черн) (2)'!A:C,2,0) -> 52 | E10: =+VLOOKUP(A10,'employment_status (черн) (2)'!A:C,3,0) -> 48
A11: Асака | B11: 53 | C11: 47 | D11: =+VLOOKUP(A11,'employment_status (черн) (2)'!A:C,2,0) -> 50 | E11: =+VLOOKUP(A11,'employment_status (черн) (2)'!A:C,3,0) -> 50
A12: Балиқчи | B12: 40 | C12: 60 | D12: =+VLOOKUP(A12,'employment_status (черн) (2)'!A:C,2,0) -> 51 | E12: =+VLOOKUP(A12,'employment_status (черн) (2)'!A:C,3,0) -> 49
A13: Бандихон | B13: 59 | C13: 41 | D13: =+VLOOKUP(A13,'employment_status (черн) (2)'!A:C,2,0) -> 56 | E13: =+VLOOKUP(A13,'employment_status (черн) (2)'!A:C,3,0) -> 44
A14: Бахмал | B14: 57 | C14: 43 | D14: =+VLOOKUP(A14,'employment_status (черн) (2)'!A:C,2,0) -> 52 | E14: =+VLOOKUP(A14,'employment_status (черн) (2)'!A:C,3,0) -> 48
A15: Бекобод | B15: 59 | C15: 41 | D15: =+VLOOKUP(A15,'employment_status (черн) (2)'!A:C,2,0) -> 45 | E15: =+VLOOKUP(A15,'employment_status (черн) (2)'!A:C,3,0) -> 55
A16: Бекобод ш. | B16: 34 | C16: 66 | D16: =+VLOOKUP(A16,'employment_status (черн) (2)'!A:C,2,0) -> 46 | E16: =+VLOOKUP(A16,'employment_status (черн) (2)'!A:C,3,0) -> 54
... A209: Яшнобод | B209: 35 | C209: 65 | D209: =+VLOOKUP(A209,'employment_status (черн) (2)'!A:C,2,0) -> 23 | E209: =+VLOOKUP(A209,'employment_status (черн) (2)'!A:C,3,0) -> 77

Sheet employment_status (черн) (2)
B1: Август
A2: district | B2: Йўқ | C2: Ҳа
A3: Ёзёвон | B3: 45 | C3: 55
A4: Ўзбекистон | B4: 40 | C4: 60
A5: Ўртачирчиқ | B5: 35 | C5: 65
A6: Амударё | B6: 58 | C6: 42
A7: Ангор | B7: 57 | C7: 43
A8: Ангрен ш. | B8: 47 | C8: 53
A9: Андижон | B9: 45 | C9: 55
A10: Андижон ш. | B10: 42 | C10: 58
A11: Арнасой | B11: 52 | C11: 48
A12: Асака | B12: 50 | C12: 50
A13: Балиқчи | B13: 51 | C13: 49
A14: Бандихон | B14: 56 | C14: 44
... A207: Қўқон ш. | B207: 35 | C207: 65

Sheet formal_employment
B3: 2025 йил май | D3: 2025 йил август
A4: district | B4: Йўқ | C4: Ҳа | D4: Йўқ | E4: Ҳа
A5: Сурхандарё вилояти | B5: 46 | C5: 54 | D5: =+VLOOKUP(A5,'formal_employment (черн)'!A:C,2,0) -> 33 | E5: =+VLOOKUP(A5,'formal_employment (черн)'!A:C,3,0) -> 67 | F5: =+E5-C5 -> 13
A6: Кашкадарё вилояти | B6: 41 | C6: 59 | D6: =+VLOOKUP(A6,'formal_employment (черн)'!A:C,2,0) -> 32 | E6: =+VLOOKUP(A6,'formal_employment (черн)'!A:C,3,0) -> 68 | F6: =+E6-C6 -> 9
A7: Андижон вилояти | B7: 46 | C7: 54 | D7: =+VLOOKUP(A7,'formal_employment (черн)'!A:C,2,0) -> 38 | E7: =+VLOOKUP(A7,'formal_employment (черн)'!A:C,3,0) -> 62 | F7: =+E7-C7 -> 8
A8: Тошкент шахри | B8: 26 | C8: 74 | D8: =+VLOOKUP(A8,'formal_employment (черн)'!A:C,2,0) -> 20 | E8: =+VLOOKUP(A8,'formal_employment (черн)'!A:C,3,0) -> 80 | F8: =+E8-C8 -> 6
A9: Наманган вилояти | B9: 44 | C9: 56 | D9: =+VLOOKUP(A9,'formal_employment (черн)'!A:C,2,0) -> 38 | E9: =+VLOOKUP(A9,'formal_employment (черн)'!A:C,3,0) -> 62 | F9: =+E9-C9 -> 6
A10: Жиззах вилояти | B10: 42 | C10: 58 | D10: =+VLOOKUP(A10,'formal_employment (черн)'!A:C,2,0) -> 36 | E10: =+VLOOKUP(A10,'formal_employment (черн)'!A:C,3,0) -> 64 | F10: =+E10-C10 -> 6
A11: Навоий вилояти | B11: 29 | C11: 71 | D11: =+VLOOKUP(A11,'formal_employment (черн)'!A:C,2,0) -> 23 | E11: =+VLOOKUP(A11,'formal_employment (черн)'!A:C,3,0) -> 77 | F11: =+E11-C11 -> 6
A12: Фаргона вилояти | B12: 48 | C12: 52 | D12: =+VLOOKUP(A12,'formal_employment (черн)'!A:C,2,0) -> 43 | E12: =+VLOOKUP(A12,'formal_employment (черн)'!A:C,3,0) -> 57 | F12: =+E12-C12 -> 5
A13: Сирдарё вилояти | B13: 38 | C13: 62 | D13: =+VLOOKUP(A13,'formal_employment (черн)'!A:C,2,0) -> 33 | E13: =+VLOOKUP(A13,'formal_employment (черн)'!A:C,3,0) -> 67 | F13: =+E13-C13 -> 5
A14: Тошкент вилояти | B14: 38 | C14: 62 | D14: =+VLOOKUP(A14,'formal_employment (черн)'!A:C,2,0) -> 35 | E14: =+VLOOKUP(A14,'formal_employment (черн)'!A:C,3,0) -> 65 | F14: =+E14-C14 -> 3
A15: Хоразм вилояти | B15: 32 | C15: 68 | D15: =+VLOOKUP(A15,'formal_employment (черн)'!A:C,2,0) -> 30 | E15: =+VLOOKUP(A15,'formal_employment (черн)'!A:C,3,0) -> 70 | F15: =+E15-C15 -> 2
A16: Самарканд вилояти | B16: 42 | C16: 58 | D16: =+VLOOKUP(A16,'formal_employment (черн)'!A:C,2,0) -> 40 | E16: =+VLOOKUP(A16,'formal_employment (черн)'!A:C,3,0) -> 60 | F16: =+E16-C16 -> 2
... A18: Коракалпокистон Республикаси | B18: 28 | C18: 72 | D18: =+VLOOKUP(A18,'formal_employment (черн)'!A:C,2,0) -> 33 | E18: =+VLOOKUP(A18,'formal_employment (черн)'!A:C,3,0) -> 67 | F18: =+E18-C18 -> -5
A19: Республика бўйича ўртача | B19: 39 | C19: 61 | D19: =+VLOOKUP(A19,'formal_employment (черн)'!A:C,2,0) -> 34 | E19: =+VLOOKUP(A19,'formal_employment (черн)'!A:C,3,0) -> 66

Sheet formal_employment (черн)
B1: Август
A2: district | B2: Йўқ | C2: Ҳа
A3: Андижон вилояти | B3: 38 | C3: 62
A4: Бухоро вилояти | B4: 28 | C4: 72
A5: Жиззах вилояти | B5: 36 | C5: 64
A6: Кашкадарё вилояти | B6: 32 | C6: 68
A7: Коракалпокистон Республикаси | B7: 33 | C7: 67
A8: Навоий вилояти | B8: 23 | C8: 77
A9: Наманган вилояти | B9: 38 | C9: 62
A10: Самарканд вилояти | B10: 40 | C10: 60
A11: Сирдарё вилояти | B11: 33 | C11: 67
A12: Сурхандарё вилояти | B12: 33 | C12: 67
A13: Тошкент вилояти | B13: 35 | C13: 65
A14: Тошкент шахри | B14: 20 | C14: 80
... A17: Республика бўйича ўртача | B17: 34 | C17: 66

Sheet formal_employment (2)
B3: 2025 йил май | D3: 2025 йил август
A4: district | B4: Йўқ | C4: Ҳа | D4: Йўқ | E4: Ҳа
A5: Арнасой | B5: 56 | C5: 44 | D5: =+VLOOKUP(A5,'formal_employment (черн) (2)'!A:C,2,0) -> 21 | E5: =+VLOOKUP(A5,'formal_employment (черн) (2)'!A:C,3,0) -> 79 | F5: =+E5-C5 -> 35
A6: Термиз | B6: 67 | C6: 33 | D6: =+VLOOKUP(A6,'formal_employment (черн) (2)'!A:C,2,0) -> 36 | E6: =+VLOOKUP(A6,'formal_employment (черн) (2)'!A:C,3,0) -> 64 | F6: =+E6-C6 -> 31
A7: Зафаробод | B7: 52 | C7: 48 | D7: =+VLOOKUP(A7,'formal_employment (черн) (2)'!A:C,2,0) -> 23 | E7: =+VLOOKUP(A7,'formal_employment (черн) (2)'!A:C,3,0) -> 77 | F7: =+E7-C7 -> 29
A8: Қамаши | B8: 54 | C8: 46 | D8: =+VLOOKUP(A8,'formal_employment (черн) (2)'!A:C,2,0) -> 26 | E8: =+VLOOKUP(A8,'formal_employment (черн) (2)'!A:C,3,0) -> 74 | F8: =+E8-C8 -> 28
A9: Шофиркон | B9: 47 | C9: 53 | D9: =+VLOOKUP(A9,'formal_employment (черн) (2)'!A:C,2,0) -> 19 | E9: =+VLOOKUP(A9,'formal_employment (черн) (2)'!A:C,3,0) -> 81 | F9: =+E9-C9 -> 28
A10: Жарқўрғон | B10: 55 | C10: 45 | D10: =+VLOOKUP(A10,'formal_employment (черн) (2)'!A:C,2,0) -> 29 | E10: =+VLOOKUP(A10,'formal_employment (черн) (2)'!A:C,3,0) -> 71 | F10: =+E10-C10 -> 26
A11: Риштон | B11: 57 | C11: 43 | D11: =+VLOOKUP(A11,'formal_employment (черн) (2)'!A:C,2,0) -> 31 | E11: =+VLOOKUP(A11,'formal_employment (черн) (2)'!A:C,3,0) -> 69 | F11: =+E11-C11 -> 26
A12: Нишон | B12: 46 | C12: 54 | D12: =+VLOOKUP(A12,'formal_employment (черн) (2)'!A:C,2,0) -> 21 | E12: =+VLOOKUP(A12,'formal_employment (черн) (2)'!A:C,3,0) -> 79 | F12: =+E12-C12 -> 25
A13: Нукус | B13: 48 | C13: 52 | D13: =+VLOOKUP(A13,'formal_employment (черн) (2)'!A:C,2,0) -> 23 | E13: =+VLOOKUP(A13,'formal_employment (черн) (2)'!A:C,3,0) -> 77 | F13: =+E13-C13 -> 25
A14: Учқўрғон | B14: 45 | C14: 55 | D14: =+VLOOKUP(A14,'formal_employment (черн) (2)'!A:C,2,0) -> 20 | E14: =+VLOOKUP(A14,'formal_employment (черн) (2)'!A:C,3,0) -> 80 | F14: =+E14-C14 -> 25
A15: Ғаллаорол | B15: 52 | C15: 48 | D15: =+VLOOKUP(A15,'formal_employment (черн) (2)'!A:C,2,0) -> 28 | E15: =+VLOOKUP(A15,'formal_employment (черн) (2)'!A:C,3,0) -> 72 | F15: =+E15-C15 -> 24
A16: Мирзаобод | B16: 51 | C16: 49 | D16: =+VLOOKUP(A16,'formal_employment (черн) (2)'!A:C,2,0) -> 27 | E16: =+VLOOKUP(A16,'formal_employment (черн) (2)'!A:C,3,0) -> 73 | F16: =+E16-C16 -> 24
... A193: Булоқбоши | B193: 30 | C193: 70 | D193: =+VLOOKUP(A193,'formal_employment (черн) (2)'!A:C,2,0) -> 42 | E193: =+VLOOKUP(A193,'formal_employment (черн) (2)'!A:C,3,0) -> 58 | F193: =+E193-C193 -> -12
A194: Тахтакўпир | C194: 100 | D194: =+VLOOKUP(A194,'formal_employment (черн) (2)'!A:C,2,0) -> 12 | E194: =+VLOOKUP(A194,'formal_employment (черн) (2)'!A:C,3,0) -> 88 | F194: =+E194-C194 -> -12
A195: Хўжайли | B195: 26 | C195: 74 | D195: =+VLOOKUP(A195,'formal_employment (черн) (2)'!A:C,2,0) -> 40 | E195: =+VLOOKUP(A195,'formal_employment (черн) (2)'!A:C,3,0) -> 60 | F195: =+E195-C195 -> -14
A196: Элликқалъа | B196: 21 | C196: 79 | D196: =+VLOOKUP(A196,'formal_employment (черн) (2)'!A:C,2,0) -> 35 | E196: =+VLOOKUP(A196,'formal_employment (черн) (2)'!A:C,3,0) -> 65 | F196: =+E196-C196 -> -14
A197: Амударё | B197: 37 | C197: 63 | D197: =+VLOOKUP(A197,'formal_employment (черн) (2)'!A:C,2,0) -> 52 | E197: =+VLOOKUP(A197,'formal_employment (черн) (2)'!A:C,3,0) -> 48 | F197: =+E197-C197 -> -15
A198: Тахиатош | B198: 23 | C198: 77 | D198: =+VLOOKUP(A198,'formal_employment (черн) (2)'!A:C,2,0) -> 38 | E198: =+VLOOKUP(A198,'formal_employment (черн) (2)'!A:C,3,0) -> 62 | F198: =+E198-C198 -> -15
A199: Янгиҳаёт | B199: 3 | C199: 97 | D199: =+VLOOKUP(A199,'formal_employment (черн) (2)'!A:C,2,0) -> 18 | E199: =+VLOOKUP(A199,'formal_employment (черн) (2)'!A:C,3,0) -> 82 | F199: =+E199-C199 -> -15
A200: Бўстонлиқ | B200: 17 | C200: 83 | D200: =+VLOOKUP(A200,'formal_employment (черн) (2)'!A:C,2,0) -> 33 | E200: =+VLOOKUP(A200,'formal_employment (черн) (2)'!A:C,3,0) -> 67 | F200: =+E200-C200 -> -16
A201: Сўх | B201: 3 | C201: 97 | D201: =+VLOOKUP(A201,'formal_employment (черн) (2)'!A:C,2,0) -> 19 | E201: =+VLOOKUP(A201,'formal_employment (черн) (2)'!A:C,3,0) -> 81 | F201: =+E201-C201 -> -16
A202: Урганч ш. | B202: 21 | C202: 79 | D202: =+VLOOKUP(A202,'formal_employment (черн) (2)'!A:C,2,0) -> 38 | E202: =+VLOOKUP(A202,'formal_employment (черн) (2)'!A:C,3,0) -> 62 | F202: =+E202-C202 -> -17
A203: Янгибозор | B203: 25 | C203: 75 | D203: =+VLOOKUP(A203,'formal_employment (черн) (2)'!A:C,2,0) -> 43 | E203: =+VLOOKUP(A203,'formal_employment (черн) (2)'!A:C,3,0) -> 57 | F203: =+E203-C203 -> -18
A204: Қоракўл | B204: 16 | C204: 84 | D204: =+VLOOKUP(A204,'formal_employment (черн) (2)'!A:C,2,0) -> 36 | E204: =+VLOOKUP(A204,'formal_employment (черн) (2)'!A:C,3,0) -> 64 | F204: =+E204-C204 -> -20
A205: Беруний | B205: 30 | C205: 70 | D205: =+VLOOKUP(A205,'formal_employment (черн) (2)'!A:C,2,0) -> 51 | E205: =+VLOOKUP(A205,'formal_employment (черн) (2)'!A:C,3,0) -> 49 | F205: =+E205-C205 -> -21
A206: Когон ш. | B206: 16 | C206: 84 | D206: =+VLOOKUP(A206,'formal_employment (черн) (2)'!A:C,2,0) -> 38 | E206: =+VLOOKUP(A206,'formal_employment (черн) (2)'!A:C,3,0) -> 62 | F206: =+E206-C206 -> -22
... A209: Сергели | B209: 12 | C209: 88 | D209: =+VLOOKUP(A209,'formal_employment (черн) (2)'!A:C,2,0) -> 37 | E209: =+VLOOKUP(A209,'formal_employment (черн) (2)'!A:C,3,0) -> 63 | F209: =+E209-C209 -> -25

Sheet formal_employment (черн) (2)
B1: Август
A2: district | B2: Йўқ | C2: Ҳа
A3: Ёзёвон | B3: 55 | C3: 45
A4: Ўзбекистон | B4: 42 | C4: 58
A5: Ўртачирчиқ | B5: 26 | C5: 74
A6: Амударё | B6: 52 | C6: 48
A7: Ангор | B7: 28 | C7: 72
A8: Ангрен ш. | B8: 26 | C8: 74
A9: Андижон | B9: 42 | C9: 58
A10: Андижон ш. | B10: 37 | C10: 63
A11: Арнасой | B11: 21 | C11: 79
A12: Асака | B12: 35 | C12: 65
A13: Балиқчи | B13: 53 | C13: 47
A14: Бандихон | B14: 45 | C14: 55
... A207: Қўқон ш. | B207: 50 | C207: 50

Sheet income
B3: 2025 йил май | F3: 2025 йил август
A4: district | B4: Даромади мавжуд эмас | C4: 1 млн сўмгача | D4: 1-3 млн | E4: 3 млн сўмдан баланд | F4: Даромади мавжуд эмас | G4: 1 млн сўмгача | H4: 1-3 млн | I4: 3 млн сўмдан баланд
A5: Навоий вилояти | B5: 34 | C5: 11 | D5: 29 | E5: 26 | F5: =+VLOOKUP(A5,'income (черн) '!A:E,2,0) -> 36 | G5: =+VLOOKUP(A5,'income (черн) '!A:E,3,0) -> 11 | H5: =+VLOOKUP(A5,'income (черн) '!A:E,4,0) -> 21 | I5: =+VLOOKUP(A5,'income (черн) '!A:E,5,0) -> 32 | J5: =+F5-B5 -> 2
A6: Бухоро вилояти | B6: 28 | C6: 12 | D6: 31 | E6: 29 | F6: =+VLOOKUP(A6,'income (черн) '!A:E,2,0) -> 29 | G6: =+VLOOKUP(A6,'income (черн) '!A:E,3,0) -> 9 | H6: =+VLOOKUP(A6,'income (черн) '!A:E,4,0) -> 29 | I6: =+VLOOKUP(A6,'income (черн) '!A:E,5,0) -> 33 | J6: =+F6-B6 -> 1
A7: Кашкадарё вилояти | B7: 40 | C7: 14 | D7: 24 | E7: 21 | F7: =+VLOOKUP(A7,'income (черн) '!A:E,2,0) -> 38 | G7: =+VLOOKUP(A7,'income (черн) '!A:E,3,0) -> 10 | H7: =+VLOOKUP(A7,'income (черн) '!A:E,4,0) -> 25 | I7: =+VLOOKUP(A7,'income (черн) '!A:E,5,0) -> 27 | J7: =+F7-B7 -> -2
A8: Андижон вилояти | B8: 38 | C8: 15 | D8: 23 | E8: 25 | F8: =+VLOOKUP(A8,'income (черн) '!A:E,2,0) -> 36 | G8: =+VLOOKUP(A8,'income (черн) '!A:E,3,0) -> 12 | H8: =+VLOOKUP(A8,'income (черн) '!A:E,4,0) -> 21 | I8: =+VLOOKUP(A8,'income (черн) '!A:E,5,0) -> 30 | J8: =+F8-B8 -> -2
A9: Хоразм вилояти | B9: 42 | C9: 13 | D9: 23 | E9: 22 | F9: =+VLOOKUP(A9,'income (черн) '!A:E,2,0) -> 38 | G9: =+VLOOKUP(A9,'income (черн) '!A:E,3,0) -> 9 | H9: =+VLOOKUP(A9,'income (черн) '!A:E,4,0) -> 26 | I9: =+VLOOKUP(A9,'income (черн) '!A:E,5,0) -> 27 | J9: =+F9-B9 -> -4
A10: Самарканд вилояти | B10: 41 | C10: 12 | D10: 22 | E10: 24 | F10: =+VLOOKUP(A10,'income (черн) '!A:E,2,0) -> 37 | G10: =+VLOOKUP(A10,'income (черн) '!A:E,3,0) -> 11 | H10: =+VLOOKUP(A10,'income (черн) '!A:E,4,0) -> 23 | I10: =+VLOOKUP(A10,'income (черн) '!A:E,5,0) -> 30 | J10: =+F10-B10 -> -4
A11: Сурхандарё вилояти | B11: 45 | C11: 12 | D11: 21 | E11: 22 | F11: =+VLOOKUP(A11,'income (черн) '!A:E,2,0) -> 41 | G11: =+VLOOKUP(A11,'income (черн) '!A:E,3,0) -> 11 | H11: =+VLOOKUP(A11,'income (черн) '!A:E,4,0) -> 23 | I11: =+VLOOKUP(A11,'income (черн) '!A:E,5,0) -> 25 | J11: =+F11-B11 -> -4
A12: Наманган вилояти | B12: 40 | C12: 14 | D12: 21 | E12: 25 | F12: =+VLOOKUP(A12,'income (черн) '!A:E,2,0) -> 35 | G12: =+VLOOKUP(A12,'income (черн) '!A:E,3,0) -> 12 | H12: =+VLOOKUP(A12,'income (черн) '!A:E,4,0) -> 21 | I12: =+VLOOKUP(A12,'income (черн) '!A:E,5,0) -> 32 | J12: =+F12-B12 -> -5
A13: Коракалпокистон Республикаси | B13: 42 | C13: 13 | D13: 25 | E13: 20 | F13: =+VLOOKUP(A13,'income (черн) '!A:E,2,0) -> 37 | G13: =+VLOOKUP(A13,'income (черн) '!A:E,3,0) -> 11 | H13: =+VLOOKUP(A13,'income (черн) '!A:E,4,0) -> 26 | I13: =+VLOOKUP(A13,'income (черн) '!A:E,5,0) -> 26 | J13: =+F13-B13 -> -5
A14: Тошкент шахри | B14: 34 | C14: 9 | D14: 24 | E14: 33 | F14: =+VLOOKUP(A14,'income (черн) '!A:E,2,0) -> 28 | G14: =+VLOOKUP(A14,'income (черн) '!A:E,3,0) -> 6 | H14: =+VLOOKUP(A14,'income (черн) '!A:E,4,0) -> 22 | I14: =+VLOOKUP(A14,'income (черн) '!A:E,5,0) -> 44 | J14: =+F14-B14 -> -6
A15: Фаргона вилояти | B15: 40 | C15: 14 | D15: 22 | E15: 25 | F15: =+VLOOKUP(A15,'income (черн) '!A:E,2,0) -> 34 | G15: =+VLOOKUP(A15,'income (черн) '!A:E,3,0) -> 12 | H15: =+VLOOKUP(A15,'income (черн) '!A:E,4,0) -> 25 | I15: =+VLOOKUP(A15,'income (черн) '!A:E,5,0) -> 28 | J15: =+F15-B15 -> -6
A16: Тошкент вилояти | B16: 35 | C16: 12 | D16: 23 | E16: 30 | F16: =+VLOOKUP(A16,'income (черн) '!A:E,2,0) -> 29 | G16: =+VLOOKUP(A16,'income (черн) '!A:E,3,0) -> 12 | H16: =+VLOOKUP(A16,'income (черн) '!A:E,4,0) -> 27 | I16: =+VLOOKUP(A16,'income (черн) '!A:E,5,0) -> 32 | J16: =+F16-B16 -> -6
... A18: Сирдарё вилояти | B18: 44 | C18: 12 | D18: 21 | E18: 22 | F18: =+VLOOKUP(A18,'income (черн) '!A:E,2,0) -> 34 | G18: =+VLOOKUP(A18,'income (черн) '!A:E,3,0) -> 12 | H18: =+VLOOKUP(A18,'income (черн) '!A:E,4,0) -> 26 | I18: =+VLOOKUP(A18,'income (черн) '!A:E,5,0) -> 28 | J18: =+F18-B18 -> -10
A19: Республика бўйича ўртача | B19: 39 | C19: 13 | D19: 23 | E19: 25 | F19: =+VLOOKUP(A19,'income (черн) '!A:E,2,0) -> 35 | G19: =+VLOOKUP(A19,'income (черн) '!A:E,3,0) -> 11 | H19: =+VLOOKUP(A19,'income (черн) '!A:E,4,0) -> 24 | I19: =+VLOOKUP(A19,'income (черн) '!A:E,5,0) -> 30

Sheet income (черн) 
B1: Август
A2: district | B2: Даромади мавжуд эмас | C2: 1 млн сўмгача | D2: 1-3 млн | E2: 3 млн сўмдан баланд
A3: Андижон вилояти | B3: 36 | C3: 12 | D3: 21 | E3: 30
A4: Бухоро вилояти | B4: 29 | C4: 9 | D4: 29 | E4: 33
A5: Жиззах вилояти | B5: 37 | C5: 11 | D5: 25 | E5: 27
A6: Кашкадарё вилояти | B6: 38 | C6: 10 | D6: 25 | E6: 27
A7: Коракалпокистон Республикаси | B7: 37 | C7: 11 | D7: 26 | E7: 26
A8: Навоий вилояти | B8: 36 | C8: 11 | D8: 21 | E8: 32
A9: Наманган вилояти | B9: 35 | C9: 12 | D9: 21 | E9: 32
A10: Самарканд вилояти | B10: 37 | C10: 11 | D10: 23 | E10: 30
A11: Сирдарё вилояти | B11: 34 | C11: 12 | D11: 26 | E11: 28
A12: Сурхандарё вилояти | B12: 41 | C12: 11 | D12: 23 | E12: 25
A13: Тошкент вилояти | B13: 29 | C13: 12 | D13: 27 | E13: 32
A14: Тошкент шахри | B14: 28 | C14: 6 | D14: 22 | E14: 44
... A17: Республика бўйича ўртача | B17: 35 | C17: 11 | D17: 24 | E17: 30

Sheet income (2)
B3: 2025 йил май | F3: 2025 йил август
A4: district | B4: Даромади мавжуд эмас | C4: 1 млн сўмгача | D4: 1-3 млн | E4: 3 млн сўмдан баланд | F4: Даромади мавжуд эмас | G4: 1 млн сўмгача | H4: 1-3 млн | I4: 3 млн сўмдан баланд
A5: Термиз | B5: 34 | C5: 6 | D5: 38 | E5: 22 | F5: =+VLOOKUP(A5,'income (черн) (2)'!A:E,2,0) -> 55 | G5: =+VLOOKUP(A5,'income (черн) (2)'!A:E,3,0) -> 9 | H5: =+VLOOKUP(A5,'income (черн) (2)'!A:E,4,0) -> 18 | I5: =+VLOOKUP(A5,'income (черн) (2)'!A:E,5,0) -> 17 | J5: =+F5-B5 -> 21
A6: Тупроққальа | B6: 18 | C6: 16 | D6: 41 | E6: 25 | F6: =+VLOOKUP(A6,'income (черн) (2)'!A:E,2,0) -> 38 | G6: =+VLOOKUP(A6,'income (черн) (2)'!A:E,3,0) -> 13 | H6: =+VLOOKUP(A6,'income (черн) (2)'!A:E,4,0) -> 28 | I6: =+VLOOKUP(A6,'income (черн) (2)'!A:E,5,0) -> 21 | J6: =+F6-B6 -> 20
A7: Учқўрғон | B7: 32 | C7: 13 | D7: 27 | E7: 27 | F7: =+VLOOKUP(A7,'income (черн) (2)'!A:E,2,0) -> 46 | G7: =+VLOOKUP(A7,'income (черн) (2)'!A:E,3,0) -> 6 | H7: =+VLOOKUP(A7,'income (черн) (2)'!A:E,4,0) -> 20 | I7: =+VLOOKUP(A7,'income (черн) (2)'!A:E,5,0) -> 27 | J7: =+F7-B7 -> 14
A8: Бекобод ш. | B8: 25 | C8: 18 | D8: 30 | E8: 27 | F8: =+VLOOKUP(A8,'income (черн) (2)'!A:E,2,0) -> 38 | G8: =+VLOOKUP(A8,'income (черн) (2)'!A:E,3,0) -> 9 | H8: =+VLOOKUP(A8,'income (черн) (2)'!A:E,4,0) -> 29 | I8: =+VLOOKUP(A8,'income (черн) (2)'!A:E,5,0) -> 23 | J8: =+F8-B8 -> 13
A9: Бандихон | B9: 35 | C9: 15 | D9: 21 | E9: 29 | F9: =+VLOOKUP(A9,'income (черн) (2)'!A:E,2,0) -> 47 | G9: =+VLOOKUP(A9,'income (черн) (2)'!A:E,3,0) -> 5 | H9: =+VLOOKUP(A9,'income (черн) (2)'!A:E,4,0) -> 10 | I9: =+VLOOKUP(A9,'income (черн) (2)'!A:E,5,0) -> 38 | J9: =+F9-B9 -> 12
A10: Зарафшон ш. | B10: 32 | C10: 9 | D10: 20 | E10: 38 | F10: =+VLOOKUP(A10,'income (черн) (2)'!A:E,2,0) -> 44 | G10: =+VLOOKUP(A10,'income (черн) (2)'!A:E,3,0) -> 1 | H10: =+VLOOKUP(A10,'income (черн) (2)'!A:E,4,0) -> 16 | I10: =+VLOOKUP(A10,'income (черн) (2)'!A:E,5,0) -> 39 | J10: =+F10-B10 -> 12
A11: Ғузор | B11: 29 | C11: 16 | D11: 25 | E11: 30 | F11: =+VLOOKUP(A11,'income (черн) (2)'!A:E,2,0) -> 40 | G11: =+VLOOKUP(A11,'income (черн) (2)'!A:E,3,0) -> 7 | H11: =+VLOOKUP(A11,'income (черн) (2)'!A:E,4,0) -> 23 | I11: =+VLOOKUP(A11,'income (черн) (2)'!A:E,5,0) -> 29 | J11: =+F11-B11 -> 11
A12: Тўрткўл | B12: 34 | C12: 16 | D12: 23 | E12: 27 | F12: =+VLOOKUP(A12,'income (черн) (2)'!A:E,2,0) -> 45 | G12: =+VLOOKUP(A12,'income (черн) (2)'!A:E,3,0) -> 9 | H12: =+VLOOKUP(A12,'income (черн) (2)'!A:E,4,0) -> 18 | I12: =+VLOOKUP(A12,'income (черн) (2)'!A:E,5,0) -> 28 | J12: =+F12-B12 -> 11
A13: Жомбой | B13: 36 | C13: 15 | D13: 21 | E13: 27 | F13: =+VLOOKUP(A13,'income (черн) (2)'!A:E,2,0) -> 46 | G13: =+VLOOKUP(A13,'income (черн) (2)'!A:E,3,0) -> 8 | H13: =+VLOOKUP(A13,'income (черн) (2)'!A:E,4,0) -> 26 | I13: =+VLOOKUP(A13,'income (черн) (2)'!A:E,5,0) -> 20 | J13: =+F13-B13 -> 10
A14: Шаҳрисабз ш. | B14: 28 | C14: 16 | D14: 29 | E14: 27 | F14: =+VLOOKUP(A14,'income (черн) (2)'!A:E,2,0) -> 38 | G14: =+VLOOKUP(A14,'income (черн) (2)'!A:E,3,0) -> 4 | H14: =+VLOOKUP(A14,'income (черн) (2)'!A:E,4,0) -> 31 | I14: =+VLOOKUP(A14,'income (черн) (2)'!A:E,5,0) -> 27 | J14: =+F14-B14 -> 10
A15: Юқоричирчиқ | B15: 27 | C15: 18 | D15: 27 | E15: 28 | F15: =+VLOOKUP(A15,'income (черн) (2)'!A:E,2,0) -> 37 | G15: =+VLOOKUP(A15,'income (черн) (2)'!A:E,3,0) -> 9 | H15: =+VLOOKUP(A15,'income (черн) (2)'!A:E,4,0) -> 17 | I15: =+VLOOKUP(A15,'income (черн) (2)'!A:E,5,0) -> 37 | J15: =+F15-B15 -> 10
A16: Янгиобод | B16: 40 | C16: 9 | D16: 17 | E16: 34 | F16: =+VLOOKUP(A16,'income (черн) (2)'!A:E,2,0) -> 50 | G16: =+VLOOKUP(A16,'income (черн) (2)'!A:E,3,0) -> 7 | H16: =+VLOOKUP(A16,'income (черн) (2)'!A:E,4,0) -> 26 | I16: =+VLOOKUP(A16,'income (черн) (2)'!A:E,5,0) -> 18 | J16: =+F16-B16 -> 10
... A209: Тахтакўпир | B209: 51 | C209: 12 | D209: 25 | E209: 11 | F209: =+VLOOKUP(A209,'income (черн) (2)'!A:E,2,0) -> 18 | G209: =+VLOOKUP(A209,'income (черн) (2)'!A:E,3,0) -> 21 | H209: =+VLOOKUP(A209,'income (черн) (2)'!A:E,4,0) -> 44 | I209: =+VLOOKUP(A209,'income (черн) (2)'!A:E,5,0) -> 17 | J209: =+F209-B209 -> -33

Sheet income (черн)  (2)
B1: Август
A2: district | B2: Даромади мавжуд эмас | C2: 1 млн сўмгача | D2: 1-3 млн | E2: 3 млн сўмдан баланд
A3: Ёзёвон | B3: 35 | C3: 13 | D3: 16 | E3: 35
A4: Ўзбекистон | B4: 33 | C4: 14 | D4: 25 | E4: 27
A5: Ўртачирчиқ | B5: 27 | C5: 18 | D5: 21 | E5: 34
A6: Амударё | B6: 39 | C6: 13 | D6: 10 | E6: 37
A7: Ангор | B7: 46 | C7: 16 | D7: 23 | E7: 16
A8: Ангрен ш. | B8: 34 | C8: 9 | D8: 24 | E8: 33
A9: Андижон | B9: 38 | C9: 11 | D9: 22 | E9: 29
A10: Андижон ш. | B10: 34 | C10: 11 | D10: 21 | E10: 35
A11: Арнасой | B11: 36 | C11: 16 | D11: 17 | E11: 32
A12: Асака | B12: 39 | C12: 18 | D12: 17 | E12: 25
A13: Балиқчи | B13: 41 | C13: 12 | D13: 19 | E13: 27
A14: Бандихон | B14: 47 | C14: 5 | D14: 10 | E14: 38
... A17: Бекобод ш. | B17: 38 | C17: 9 | D17: 29 | E17: 23
A18: Бектемир | B18: 31 | D18: 31 | E18: 38
A19: Беруний | B19: 34 | C19: 18 | D19: 23 | E19: 25
A20: Бешариқ | B20: 33 | C20: 9 | D20: 20 | E20: 38
A21: Бойсун | B21: 49 | C21: 13 | D21: 19 | E21: 19
A22: Боёвут | B22: 37 | C22: 14 | D22: 24 | E22: 25
A23: Боғдод | B23: 26 | C23: 15 | D23: 25 | E23: 35
A24: Боғот | B24: 49 | C24: 3 | D24: 23 | E24: 25
A25: Бувайда | B25: 34 | C25: 6 | D25: 24 | E25: 36
A26: Булоқбоши | B26: 42 | C26: 15 | D26: 20 | E26: 24
A27: Булунғур | B27: 33 | C27: 17 | D27: 19 | E27: 31
A28: Бухоро тумани | B28: 35 | C28: 10 | D28: 21 | E28: 35
A29: Бухоро ш. | B29: 30 | C29: 1 | D29: 35 | E29: 34
A30: Бўзатов | B30: 35 | D30: 52 | E30: 13
A31: Бўка | B31: 32 | C31: 20 | D31: 21 | E31: 27
A32: Бўстон | B32: 33 | C32: 11 | D32: 13 | E32: 43
A33: Бўстонлиқ | B33: 31 | C33: 4 | D33: 36 | E33: 30
A34: Вобкент | B34: 32 | C34: 11 | D34: 32 | E34: 24
A35: Гулистон | B35: 36 | C35: 11 | D35: 27 | E35: 26
A36: Гулистон ш. | B36: 38 | C36: 8 | D36: 24 | E36: 30
A37: Гурлан | B37: 48 | C37: 4 | D37: 24 | E37: 24
A38: Данғара | B38: 31 | C38: 13 | D38: 32 | E38: 24
A39: Денов | B39: 33 | C39: 11 | D39: 30 | E39: 25
A40: Деҳқонобод | B40: 44 | C40: 11 | D40: 30 | E40: 15
A41: Дўстлик | B41: 46 | C41: 8 | D41: 25 | E41: 20
A42: Жалақудуқ | B42: 26 | C42: 17 | D42: 21 | E42: 35
... A137: Учтепа | B137: 18 | C137: 27 | D137: 13 | E137: 42
A138: Учқудуқ | B138: 48 | D138: 10 | E138: 42
A139: Учқўрғон | B139: 46 | C139: 6 | D139: 20 | E139: 27
A140: Фарғона | B140: 27 | C140: 13 | D140: 31 | E140: 28
A141: Фарғона ш. | B141: 32 | C141: 8 | D141: 30 | E141: 30
A142: Фориш | B142: 42 | C142: 7 | D142: 28 | E142: 23
A143: Фурқат | B143: 36 | C143: 15 | D143: 26 | E143: 24
A144: Хазорасп | B144: 29 | C144: 11 | D144: 29 | E144: 31
A145: Хатирчи | B145: 45 | C145: 13 | D145: 20 | E145: 22
A146: Хива | B146: 40 | C146: 13 | D146: 23 | E146: 24
A147: Хива ш. | B147: 31 | C147: 11 | D147: 25 | E147: 32
A148: Ховос | B148: 38 | C148: 12 | D148: 23 | E148: 26
A149: Хонобод ш. | B149: 29 | C149: 11 | D149: 17 | E149: 44
A150: Хонқа | B150: 43 | C150: 7 | D150: 26 | E150: 24
... A174: Яккабоғ | B174: 34 | C174: 11 | D174: 24 | E174: 31
A175: Яккасарой | B175: 24 | D175: 18 | E175: 59
A176: Янгиариқ | B176: 44 | C176: 7 | D176: 30 | E176: 19
A177: Янгибозор | B177: 41 | C177: 10 | D177: 25 | E177: 24
A178: Янгиер ш. | B178: 25 | C178: 27 | D178: 27 | E178: 20
A179: Янгийўл | B179: 28 | C179: 17 | D179: 24 | E179: 31
A180: Янгийўл ш. | B180: 34 | C180: 11 | D180: 31 | E180: 25
A181: Янгиобод | B181: 50 | C181: 7 | D181: 26 | E181: 18
A182: Янгиқўрғон | B182: 36 | C182: 7 | D182: 27 | E182: 30
A183: Янгиҳаёт | B183: 25 | C183: 6 | D183: 19 | E183: 50
A184: Яшнобод | B184: 21 | C184: 3 | D184: 28 | E184: 48
A185: Ғаллаорол | B185: 36 | C185: 18 | D185: 26 | E185: 21
A186: Ғиждувон | B186: 36 | C186: 12 | D186: 20 | E186: 31
A187: Ғузор | B187: 40 | C187: 7 | D187: 23 | E187: 29
... A198: Қува | B198: 39 | C198: 14 | D198: 21 | E198: 26
A199: Қувасой ш. | B199: 32 | D199: 39 | E199: 28
A200: Қуйичирчиқ | B200: 25 | C200: 10 | D200: 32 | E200: 33
A201: Қумқўрғон | B201: 42 | C201: 7 | D201: 16 | E201: 34
A202: Қўнғирот | B202: 28 | C202: 10 | D202: 36 | E202: 27
A203: Қўрғонтепа | B203: 34 | C203: 8 | D203: 34 | E203: 24
A204: Қўшкўпир | B204: 33 | C204: 11 | D204: 28 | E204: 28
A205: Қўшрабод | B205: 39 | C205: 9 | D205: 23 | E205: 29
A206: Қўштепа | B206: 39 | C206: 12 | D206: 20 | E206: 29
A207: Қўқон ш. | B207: 32 | C207: 10 | D207: 32 | E207: 26

Sheet Problem
B3: 2025 йил май | H3: 2025 йил август | O3: Фарқ
A4: district | B4: Газ таъминоти йўқ, етишмайди | C4: Ички йўллар сифати ёмон | D4: Ичимлик суви йўқ ёки етишмайди | E4: Етарли иш ўринлари мавжуд эмас (иш топиш қийин) | F4: Электр энергия таъминотидаги узилишлар | G4: Коммунал тўловлар қиммат (газ, свет, сув) | H4: Газ таъминоти йўқ, етишмайди | I4: Ички йўллар сифати ёмон | J4: Ичимлик суви йўқ ёки етишмайди | K4: Етарли иш ўринлари мавжуд эмас (иш топиш қийин) | L4: Электр энергия таъминотидаги узилишлар | M4: Коммунал тўловлар қиммат (газ, свет, сув) | N4: Газ таъминоти йўқ, етишмайди | O4: Ички йўллар сифати ёмон | P4: Ичимлик суви йўқ ёки етишмайди | Q4: Етарли иш ўринлари мавжуд эмас (иш топиш қийин) | R4: Электр энергия таъминотидаги узилишлар | S4: Коммунал тўловлар қиммат (газ, свет, сув)
A5: Андижон вилояти | B5: 22.3 | C5: 16.6 | D5: 7.1 | E5: 4.3 | F5: 3.4 | G5: 2.7 | H5: =+VLOOKUP(A5,'Problem (черн)'!A:G,2,0) -> 35.9 | I5: =+VLOOKUP(A5,'Problem (черн)'!A:G,3,0) -> 22.3 | J5: =+VLOOKUP(A5,'Problem (черн)'!A:G,4,0) -> 7.9 | K5: =+VLOOKUP(A5,'Problem (черн)'!A:G,5,0) -> 5.9 | L5: =+VLOOKUP(A5,'Problem (черн)'!A:G,6,0) -> 5.2 | M5: =+VLOOKUP(A5,'Problem (черн)'!A:G,7,0) -> 1.1 | N5: =+H5-B5 -> 13.6 | O5: =+I5-C5 -> 5.7 | P5: =+J5-D5 -> 0.8 | Q5: =+K5-E5 -> 1.6 | R5: =+L5-F5 -> 1.8 | S5: =+M5-G5 -> -1.6
A6: Наманган вилояти | B6: 21.2 | C6: 15.1 | D6: 6.7 | E6: 6 | F6: 1.9 | G6: 3.6 | H6: =+VLOOKUP(A6,'Problem (черн)'!A:G,2,0) -> 26.1 | I6: =+VLOOKUP(A6,'Problem (черн)'!A:G,3,0) -> 27.5 | J6: =+VLOOKUP(A6,'Problem (черн)'!A:G,4,0) -> 12.2 | K6: =+VLOOKUP(A6,'Problem (черн)'!A:G,5,0) -> 7.2 | L6: =+VLOOKUP(A6,'Problem (черн)'!A:G,6,0) -> 3.4 | M6: =+VLOOKUP(A6,'Problem (черн)'!A:G,7,0) -> 2.5 | N6: =+H6-B6 -> 4.9 | O6: =+I6-C6 -> 12.4 | P6: =+J6-D6 -> 5.5 | Q6: =+K6-E6 -> 1.2 | R6: =+L6-F6 -> 1.5 | S6: =+M6-G6 -> -1.1
A7: Кашкадарё вилояти | B7: 12.7 | C7: 19.1 | D7: 11.8 | E7: 6.8 | F7: 3.3 | G7: 2.8 | H7: =+VLOOKUP(A7,'Problem (черн)'!A:G,2,0) -> 21.5 | I7: =+VLOOKUP(A7,'Problem (черн)'!A:G,3,0) -> 25.3 | J7: =+VLOOKUP(A7,'Problem (черн)'!A:G,4,0) -> 15.9 | K7: =+VLOOKUP(A7,'Problem (черн)'!A:G,5,0) -> 11.3 | L7: =+VLOOKUP(A7,'Problem (черн)'!A:G,6,0) -> 5.6 | M7: =+VLOOKUP(A7,'Problem (черн)'!A:G,7,0) -> 2.4 | N7: =+H7-B7 -> 8.8 | O7: =+I7-C7 -> 6.2 | P7: =+J7-D7 -> 4.1 | Q7: =+K7-E7 -> 4.5 | R7: =+L7-F7 -> 2.3 | S7: =+M7-G7 -> -0.4
A8: Хоразм вилояти | B8: 13.4 | C8: 18.5 | D8: 5.5 | E8: 9.9 | F8: 2 | G8: 3.3 | H8: =+VLOOKUP(A8,'Problem (черн)'!A:G,2,0) -> 21.4 | I8: =+VLOOKUP(A8,'Problem (черн)'!A:G,3,0) -> 27 | J8: =+VLOOKUP(A8,'Problem (черн)'!A:G,4,0) -> 6.4 | K8: =+VLOOKUP(A8,'Problem (черн)'!A:G,5,0) -> 11.3 | L8: =+VLOOKUP(A8,'Problem (черн)'!A:G,6,0) -> 2.8 | M8: =+VLOOKUP(A8,'Problem (черн)'!A:G,7,0) -> 2.2 | N8: =+H8-B8 -> 8 | O8: =+I8-C8 -> 8.5 | P8: =+J8-D8 -> 0.9 | Q8: =+K8-E8 -> 1.4 | R8: =+L8-F8 -> 0.8 | S8: =+M8-G8 -> -1.1
A9: Фаргона вилояти | B9: 17 | C9: 11.6 | D9: 7.7 | E9: 5.7 | F9: 4 | G9: 3.5 | H9: =+VLOOKUP(A9,'Problem (черн)'!A:G,2,0) -> 28.9 | I9: =+VLOOKUP(A9,'Problem (черн)'!A:G,3,0) -> 13.6 | J9: =+VLOOKUP(A9,'Problem (черн)'!A:G,4,0) -> 11.5 | K9: =+VLOOKUP(A9,'Problem (черн)'!A:G,5,0) -> 9.1 | L9: =+VLOOKUP(A9,'Problem (черн)'!A:G,6,0) -> 6.3 | M9: =+VLOOKUP(A9,'Problem (черн)'!A:G,7,0) -> 2.7 | N9: =+H9-B9 -> 11.9 | O9: =+I9-C9 -> 2 | P9: =+J9-D9 -> 3.8 | Q9: =+K9-E9 -> 3.4 | R9: =+L9-F9 -> 2.3 | S9: =+M9-G9 -> -0.8
A10: Тошкент вилояти | B10: 2.9 | C10: 16.5 | D10: 11.4 | E10: 6 | F10: 7 | G10: 2.9 | H10: =+VLOOKUP(A10,'Problem (черн)'!A:G,2,0) -> 6.6 | I10: =+VLOOKUP(A10,'Problem (черн)'!A:G,3,0) -> 24.4 | J10: =+VLOOKUP(A10,'Problem (черн)'!A:G,4,0) -> 14.4 | K10: =+VLOOKUP(A10,'Problem (черн)'!A:G,5,0) -> 7.6 | L10: =+VLOOKUP(A10,'Problem (черн)'!A:G,6,0) -> 8 | M10: =+VLOOKUP(A10,'Problem (черн)'!A:G,7,0) -> 2.8 | N10: =+H10-B10 -> 3.7 | O10: =+I10-C10 -> 7.9 | P10: =+J10-D10 -> 3 | Q10: =+K10-E10 -> 1.6 | R10: =+L10-F10 -> 1 | S10: =+M10-G10 -> -0.1
A11: Самарканд вилояти | B11: 16.2 | C11: 13.2 | D11: 7.5 | E11: 5.9 | F11: 3.9 | G11: 3.5 | H11: =+VLOOKUP(A11,'Problem (черн)'!A:G,2,0) -> 28 | I11: =+VLOOKUP(A11,'Problem (черн)'!A:G,3,0) -> 23.2 | J11: =+VLOOKUP(A11,'Problem (черн)'!A:G,4,0) -> 9.5 | K11: =+VLOOKUP(A11,'Problem (черн)'!A:G,5,0) -> 8.7 | L11: =+VLOOKUP(A11,'Problem (черн)'!A:G,6,0) -> 4.4 | M11: =+VLOOKUP(A11,'Problem (черн)'!A:G,7,0) -> 2.6 | N11: =+H11-B11 -> 11.8 | O11: =+I11-C11 -> 10 | P11: =+J11-D11 -> 2 | Q11: =+K11-E11 -> 2.8 | R11: =+L11-F11 -> 0.5 | S11: =+M11-G11 -> -0.9
A12: Коракалпокистон Республикаси | B12: 10.9 | C12: 15.5 | D12: 7.7 | E12: 9.7 | F12: 1.1 | G12: 3 | H12: =+VLOOKUP(A12,'Problem (черн)'!A:G,2,0) -> 25.3 | I12: =+VLOOKUP(A12,'Problem (черн)'!A:G,3,0) -> 19.2 | J12: =+VLOOKUP(A12,'Problem (черн)'!A:G,4,0) -> 9.1 | K12: =+VLOOKUP(A12,'Problem (черн)'!A:G,5,0) -> 11 | L12: =+VLOOKUP(A12,'Problem (черн)'!A:G,6,0) -> 3.2 | M12: =+VLOOKUP(A12,'Problem (черн)'!A:G,7,0) -> 3.7 | N12: =+H12-B12 -> 14.4 | O12: =+I12-C12 -> 3.7 | P12: =+J12-D12 -> 1.4 | Q12: =+K12-E12 -> 1.3 | R12: =+L12-F12 -> 2.1 | S12: =+M12-G12 -> 0.7
A13: Бухоро вилояти | B13: 15.1 | C13: 12.1 | D13: 5.2 | E13: 10.2 | F13: 3.5 | G13: 4.7 | H13: =+VLOOKUP(A13,'Problem (черн)'!A:G,2,0) -> 21.4 | I13: =+VLOOKUP(A13,'Problem (черн)'!A:G,3,0) -> 21.6 | J13: =+VLOOKUP(A13,'Problem (черн)'!A:G,4,0) -> 5.8 | K13: =+VLOOKUP(A13,'Problem (черн)'!A:G,5,0) -> 9.7 | L13: =+VLOOKUP(A13,'Problem (черн)'!A:G,6,0) -> 6.1 | M13: =+VLOOKUP(A13,'Problem (черн)'!A:G,7,0) -> 3.1 | N13: =+H13-B13 -> 6.3 | O13: =+I13-C13 -> 9.5 | P13: =+J13-D13 -> 0.6 | Q13: =+K13-E13 -> -0.5 | R13: =+L13-F13 -> 2.6 | S13: =+M13-G13 -> -1.6
A14: Сурхандарё вилояти | B14: 13.2 | C14: 14.8 | D14: 13.6 | E14: 8.5 | F14: 2.8 | G14: 3.7 | H14: =+VLOOKUP(A14,'Problem (черн)'!A:G,2,0) -> 16.7 | I14: =+VLOOKUP(A14,'Problem (черн)'!A:G,3,0) -> 22.1 | J14: =+VLOOKUP(A14,'Problem (черн)'!A:G,4,0) -> 19.9 | K14: =+VLOOKUP(A14,'Problem (черн)'!A:G,5,0) -> 9.7 | L14: =+VLOOKUP(A14,'Problem (черн)'!A:G,6,0) -> 4.6 | M14: =+VLOOKUP(A14,'Problem (черн)'!A:G,7,0) -> 2.1 | N14: =+H14-B14 -> 3.5 | O14: =+I14-C14 -> 7.3 | P14: =+J14-D14 -> 6.3 | Q14: =+K14-E14 -> 1.2 | R14: =+L14-F14 -> 1.8 | S14: =+M14-G14 -> -1.6
A15: Сирдарё вилояти | B15: 14.5 | C15: 14 | D15: 13.4 | E15: 9.3 | F15: 2 | G15: 2.9 | H15: =+VLOOKUP(A15,'Problem (черн)'!A:G,2,0) -> 30.7 | I15: =+VLOOKUP(A15,'Problem (черн)'!A:G,3,0) -> 16.6 | J15: =+VLOOKUP(A15,'Problem (черн)'!A:G,4,0) -> 9.7 | K15: =+VLOOKUP(A15,'Problem (черн)'!A:G,5,0) -> 9.9 | L15: =+VLOOKUP(A15,'Problem (черн)'!A:G,6,0) -> 4.6 | M15: =+VLOOKUP(A15,'Problem (черн)'!A:G,7,0) -> 2.3 | N15: =+H15-B15 -> 16.2 | O15: =+I15-C15 -> 2.6 | P15: =+J15-D15 -> -3.7 | Q15: =+K15-E15 -> 0.6 | R15: =+L15-F15 -> 2.6 | S15: =+M15-G15 -> -0.6
A16: Жиззах вилояти | B16: 14.1 | C16: 12.1 | D16: 8.3 | E16: 8.8 | F16: 4.1 | G16: 3.9 | H16: =+VLOOKUP(A16,'Problem (черн)'!A:G,2,0) -> 21.9 | I16: =+VLOOKUP(A16,'Problem (черн)'!A:G,3,0) -> 21 | J16: =+VLOOKUP(A16,'Problem (черн)'!A:G,4,0) -> 15.2 | K16: =+VLOOKUP(A16,'Problem (черн)'!A:G,5,0) -> 11.8 | L16: =+VLOOKUP(A16,'Problem (черн)'!A:G,6,0) -> 3.5 | M16: =+VLOOKUP(A16,'Problem (черн)'!A:G,7,0) -> 1.9 | N16: =+H16-B16 -> 7.8 | O16: =+I16-C16 -> 8.9 | P16: =+J16-D16 -> 6.9 | Q16: =+K16-E16 -> 3 | R16: =+L16-F16 -> -0.6 | S16: =+M16-G16 -> -2
... A19: Республика бўйича ўртача | B19: 19.7 | C19: 20.5 | D19: 11.9 | E19: 9.9 | F19: 5.7 | G19: 5.3 | H19: =+VLOOKUP(A19,'Problem (черн)'!A:G,2,0) -> 22 | I19: =+VLOOKUP(A19,'Problem (черн)'!A:G,3,0) -> 21.1 | J19: =+VLOOKUP(A19,'Problem (черн)'!A:G,4,0) -> 10.9 | K19: =+VLOOKUP(A19,'Problem (черн)'!A:G,5,0) -> 9 | L19: =+VLOOKUP(A19,'Problem (черн)'!A:G,6,0) -> 5.9 | M19: =+VLOOKUP(A19,'Problem (черн)'!A:G,7,0) -> 2.7 | N19: =+H19-B19 -> 2.3 | O19: =+I19-C19 -> 0.6 | P19: =+J19-D19 -> -1 | Q19: =+K19-E19 -> -0.9 | R19: =+L19-F19 -> 0.2 | S19: =+M19-G19 -> -2.6

Sheet Problem (черн)
B1: Август
A2: district | B2: Газ таъминоти йўқ, етишмайди | C2: Ички йўллар сифати ёмон | D2: Ичимлик суви йўқ ёки етишмайди | E2: Етарли иш ўринлари мавжуд эмас (иш топиш қийин) | F2: Электр энергия таъминотидаги узилишлар | G2: Коммунал тўловлар қиммат (газ, свет, сув)
A3: Андижон вилояти | B3: 35.9 | C3: 22.3 | D3: 7.9 | E3: 5.9 | F3: 5.2 | G3: 1.1
A4: Бухоро вилояти | B4: 21.4 | C4: 21.6 | D4: 5.8 | E4: 9.7 | F4: 6.1 | G4: 3.1
A5: Жиззах вилояти | B5: 21.9 | C5: 21 | D5: 15.2 | E5: 11.8 | F5: 3.5 | G5: 1.9
A6: Кашкадарё вилояти | B6: 21.5 | C6: 25.3 | D6: 15.9 | E6: 11.3 | F6: 5.6 | G6: 2.4
A7: Коракалпокистон Республикаси | B7: 25.3 | C7: 19.2 | D7: 9.1 | E7: 11 | F7: 3.2 | G7: 3.7
A8: Навоий вилояти | B8: 14.6 | C8: 18.4 | D8: 7.7 | E8: 16.9 | F8: 2.9 | G8: 2.4
A9: Наманган вилояти | B9: 26.1 | C9: 27.5 | D9: 12.2 | E9: 7.2 | F9: 3.4 | G9: 2.5
A10: Самарканд вилояти | B10: 28 | C10: 23.2 | D10: 9.5 | E10: 8.7 | F10: 4.4 | G10: 2.6
A11: Сирдарё вилояти | B11: 30.7 | C11: 16.6 | D11: 9.7 | E11: 9.9 | F11: 4.6 | G11: 2.3
A12: Сурхандарё вилояти | B12: 16.7 | C12: 22.1 | D12: 19.9 | E12: 9.7 | F12: 4.6 | G12: 2.1
A13: Тошкент вилояти | B13: 6.6 | C13: 24.4 | D13: 14.4 | E13: 7.6 | F13: 8 | G13: 2.8
A14: Тошкент шахри | B14: 1.1 | C14: 8.7 | D14: 2 | E14: 4.9 | F14: 18.4 | G14: 6.4
... A17: Республика бўйича ўртача | B17: 22 | C17: 21.1 | D17: 10.9 | E17: 9 | F17: 5.9 | G17: 2.7
